ObjectID,GlobalID,Sonde ID,Other SondeID,Discrete or Continuous Deployment,Pre- or Post-Deployment,Deployment Start/Stop Time,Calibration Date and Time,Verification Instruments,Which Turbidity standard?,Lot #,Expiration Date,Open Date,Turbidity Standard concentration,Lot #,Expiration Date,Open Date,Which SPC standard?,Lot #,Expiration Date,Open Date,Lot #,Expiration Date,Open Date,Lot #,Expiration Date,Open Date,Lot #,Expiration Date,Open Date,SpC Standard concentration,Lot #,Expiration Date,Open Date,Which pH standard?,Lot #,Expiration Date,Open Date,Lot #,Expiration Date,Open Date,Lot #,Expiration Date,Open Date,Which Rhodamine standard?,Lot #,Expiration Date,Open Date,Which fDOM standard?,Lot #,Expiration Date,Open Date,Specific Conductivity in Air,fDOM in DI (pre-cal RFU),fDOM in DI (post-cal RFU),fDOM in standard (pre-cal RFU),fDOM in standard (post-cal RFU),fDOM in DI (pre-cal QSU),fDOM in DI (post-cal QSU),fDOM in standard (pre-cal QSU),fDOM in standard (post-cal QSU),Chl in DI (pre-cal RFU),Chl in DI (post-cal RFU),Chl in rhodamine (pre-cal RFU),Chl in rhodamine (post-cal RFU),Chl in DI (pre-cal ug/L),Chl in DI (post-cal ug/L),Chl in rhodamine (pre-cal ug/L),Chl in rhodamine (post-cal ug/L),PC in DI (pre-cal RFU),PC in DI (post-cal RFU),PC in rhodamine (pre-cal RFU),PC in rhodamine (post-cal RFU),PC in DI (pre-cal ug/L),PC in DI (post-cal ug/L),PC in rhodamine (pre-cal ug/L),PC in rhodamine (post-cal ug/L),Turbidity in DI (pre-cal),Turbidity in DI (post-cal),Turbidity in standard (pre-cal),Turbidity in standard (post-cal),SpC in standard (pre-cal),SpC in standard (post-cal),SpC cell constant,pH in 7 (pre-cal),pH in 7 (post-cal),pH in 7 voltage,pH in 10 (pre-cal),pH in 10 (post-cal),pH in 10 voltage,pH in 4 (pre-cal),pH in 4 (post-cal),pH in 4 voltage,Delta slope (4 to 7),Delta slope (4 to 7),Delta slope (7 to 10),Delta slope (7 to 10),Temperature (NIST),Temperature (sonde),Pressure from handheld,Pressure from barometer,DO concentration (pre-cal),DO concentration (post-cal),DO percent (pre-cal),DO percent (post-cal),DO gain,Temperature during DO calibration,Notes,CreationDate,Creator,EditDate,Editor,x,y
1,282e194d-6441-42da-947a-55349b660858,19C101552,,Continuous,Pre,2/14/2024 2:40:00 PM,2/13/2024 3:11:00 PM,"NIST_Thermometer_221949308_(Due,Barometer_210822350",turb_124,23E24001726,5/1/2024 7:00:00 AM,1/19/2024 8:00:00 PM,,,,,spc_1412,2301C75,12/1/2024 8:00:00 AM,5/24/2023 7:00:00 PM,,,,,,,,,,,,,,,,,,,,,,,,rhod_none,,,,fdom_none,,,,0.1,-0.02,0,,,,,,,-0.07,0,,,-0.34,0,,,-0.63,0,,,-0.57,0,,,-0.03,0,123.65,124,1402.3,1412,5.29,,,,,,,,,,,,,,19.935,19.992,,,9.06,9.09,99.7,100.1,1.07,20,keep an eye on PC,2/13/2024 8:55:33 PM,cdfw_frpmt,2/13/2024 8:55:33 PM,cdfw_frpmt,-121.241605170184,37.9067949112858
2,fb044cc6-f458-4f45-84d8-6d84c9aaaae2,19C101551,,Continuous,Pre,2/14/2024 2:40:00 PM,2/13/2024 2:41:00 PM,"NIST_Thermometer_221949308_(Due,Barometer_210822350",turb_124,23E24001726,5/1/2024 7:00:00 AM,1/19/2024 8:00:00 PM,,,,,spc_1412,2301C75,12/1/2024 8:00:00 AM,5/24/2023 7:00:00 PM,,,,,,,,,,,,,,"pH_7,pH_4,pH_10",2210GG42,10/1/2024 7:00:00 AM,3/19/2023 7:00:00 PM,4211B46,4/1/2024 7:00:00 AM,3/19/2023 7:00:00 PM,4212E38,11/1/2024 7:00:00 AM,4/2/2023 7:00:00 PM,rhod_none,,,,fdom_none,,,,0.8,-0.06,0,,,,,,,0.01,0,,,-0.15,0.01,,,-0.28,0,,,-0.29,0,,,-0.12,0,123.65,124,1410.2,1412,5.27,,,,,,,,,,,,,,19.916,19.929,,,9.09,9.11,100,100.3,1.01,19.945,keep an eye on PC,2/13/2024 8:59:26 PM,cdfw_frpmt,2/13/2024 8:59:26 PM,cdfw_frpmt,-121.241620844343,37.9068724019806
3,53ffd216-cfcb-43ce-a09d-ca561cb6f7f8,18D101027,,Discrete,,2/13/2024 3:42:00 PM,2/13/2024 3:41:00 PM,"NIST_Thermometer_221949308_(Due,Barometer_210822350",turb_124,23E24001726,5/1/2024 7:00:00 AM,1/19/2024 8:00:00 PM,,,,,spc_1412,2301C75,12/1/2024 8:00:00 AM,5/24/2023 7:00:00 PM,,,,,,,,,,,,,,"pH_7,pH_4,pH_10",2210GG42,10/1/2024 7:00:00 AM,3/19/2023 7:00:00 PM,4211B46,4/1/2024 7:00:00 AM,3/19/2023 7:00:00 PM,4212E38,11/1/2024 7:00:00 AM,4/2/2023 7:00:00 PM,rhod_none,,,,fdom_none,,,,-0.1,-0.03,0,,,,,,,-0.05,0,,,-0.11,0.1,,,-0.29,0,,,-0.29,-0.01,,,-0.04,0,123.74,123.99,1402.7,1412,5.26,7.01,7,-18.4,10.02,10,-188.8,3.93,3.99,156.2,174.69,58.23,170.3,56.77,19.855,19.889,760.8,764,9.11,9.08,100.3,99.9,1.09,20.065,keep an eye on PC,2/13/2024 9:02:58 PM,cdfw_frpmt,2/13/2024 9:02:58 PM,cdfw_frpmt,-121.241615563744,37.9067819193359
4,b7a56acb-d84a-4136-b672-5d4fa319c213,18D101365,,Discrete,,2/14/2024 2:40:00 PM,2/13/2024 4:20:00 PM,"NIST_Thermometer_221949308_(Due,Barometer_210822350",turb_124,23E24001726,5/1/2024 7:00:00 AM,1/19/2024 8:00:00 PM,,,,,spc_1412,2301C75,12/1/2024 8:00:00 AM,5/24/2023 7:00:00 PM,,,,,,,,,,,,,,"pH_7,pH_4,pH_10",2210GG42,10/1/2024 7:00:00 AM,3/19/2023 7:00:00 PM,4211B46,4/1/2024 7:00:00 AM,3/19/2023 7:00:00 PM,4212E38,11/1/2024 7:00:00 AM,4/2/2023 7:00:00 PM,rhod_none,,,,fdom_none,,,,0.1,-0.02,0,,,,,,,0.02,0,,,0.05,-0.01,,,-0.04,0,,,-0.02,0,,,-0.12,0,123.61,124,1406.6,1412,5.25,,,,,,,,,,,,,,19.858,19.854,760.8,764,9.13,9.09,100.6,100.1,1.04,20.036,,2/13/2024 10:50:39 PM,cdfw_frpmt,2/13/2024 10:50:39 PM,cdfw_frpmt,-121.241685636454,37.9067438654955
5,7c26031f-85f9-40f8-ba75-922e81a02fc7,19C101553,,Continuous,Post,2/14/2024 4:54:00 PM,2/15/2024 4:20:00 PM,"NIST_Thermometer_221949308_(Due,Barometer_210822350",turb_124,23E24001725,5/1/2024 7:00:00 AM,1/19/2024 8:00:00 PM,,,,,spc_10000,,,,2302L74,2/1/2025 8:00:00 AM,2/2/2024 8:00:00 PM,,,,,,,,,,,,,,,,,,,,,rhod_none,,,,fdom_none,,,,0.3,-0.03,0,,,,,,,0,0,,,-0.01,0,,,0.04,0,,,0.01,0,,,0.03,0,123.76,124,9938.9,9999.9,5.29,,,,,,,,,,,,,,,,764.6,,10.85,10.66,102.4,100.6,1.08,12.769,Not sure if pre-deployment calibration was done with 1412 spc standard or 10000. ran out of air for SpC in Air,2/15/2024 5:56:51 PM,cdfw_frpmt,2/15/2024 5:56:51 PM,cdfw_frpmt,-121.282641878465,38.613667669742
6,d25304c7-86da-407f-9f81-04381db64a48,19C101554,,Continuous,Post,2/14/2024 6:14:00 PM,2/15/2024 5:13:00 PM,"NIST_Thermometer_221949308_(Due,Barometer_210822350",turb_124,23E24001725,5/1/2024 7:00:00 AM,1/19/2024 8:00:00 PM,,,,,spc_10000,,,,2302L74,2/1/2025 8:00:00 AM,2/2/2024 8:00:00 PM,,,,,,,,,,,,,,,,,,,,,rhod_none,,,,fdom_none,,,,0.4,0.03,0,,,,,,,0.01,0,,,-0.01,0,,,0.07,0,,,0.09,0,,,0.04,0,124.04,124,10010.2,10000,5.28,,,,,,,,,,,,,,,,764.6,,10.74,10.65,101.5,100.5,1.05,12.776,Not sure if pre-deployment calibration was done with 1412 spc standard or 10000. ran out of air for SpC in Air,2/15/2024 6:02:45 PM,cdfw_frpmt,2/15/2024 6:02:45 PM,cdfw_frpmt,-121.282662749403,38.6136255925881
7,b6b83db4-4c10-4e0d-9afd-9a7ba64992be,18D101027,,Discrete,,3/4/2024 6:38:00 PM,2/23/2024 7:13:00 PM,"NIST_Thermometer_221949308_(Due,Barometer_210822350",turb_124,23E24001726,5/1/2024 7:00:00 AM,1/19/2024 8:00:00 PM,,,,,spc_10000,,,,2302L74,2/1/2025 8:00:00 AM,2/2/2024 8:00:00 PM,,,,,,,,,,,"pH_7,pH_4,pH_10",2210GG42,10/1/2024 7:00:00 AM,3/19/2023 7:00:00 PM,4211B46,4/1/2024 7:00:00 AM,3/19/2023 7:00:00 PM,4212E38,11/1/2024 7:00:00 AM,4/2/2023 7:00:00 PM,rhod_none,,,,fdom_none,,,,0,0.02,0,,,,,,,0.03,0,,,,,,,0.31,0,,,,,,,0.05,0,124,124,10042.2,10000,5.23,7.09,7,-22.3,10.01,10,-190.2,4.03,3.98,153.7,176,58.67,167.85,55.95,,,761.1,,10.17,10.07,101.1,100.7,1.08,15.117,PC calibratiom was likely bad due to use of DI water straight from system (needs to sit before use),2/23/2024 9:40:38 PM,cdfw_frpmt,2/23/2024 9:40:38 PM,cdfw_frpmt,-121.282646069416,38.6136321304726
8,a44080df-5a1b-44b3-a9e8-6b664cb86da7,18D101365,,Discrete,,3/4/2024 6:38:00 PM,2/23/2024 7:30:00 PM,"NIST_Thermometer_221949308_(Due,Barometer_210822350",turb_124,23E24001726,5/1/2024 7:00:00 AM,1/19/2024 8:00:00 PM,,,,,spc_10000,,,,2302L74,2/1/2025 8:00:00 AM,2/2/2024 8:00:00 PM,,,,,,,,,,,"pH_7,pH_4,pH_10",2210GG42,10/1/2024 7:00:00 AM,3/19/2023 7:00:00 PM,4211B46,4/1/2024 7:00:00 AM,3/19/2023 7:00:00 PM,4212E38,11/1/2024 7:00:00 AM,4/2/2023 7:00:00 PM,rhod_none,,,,fdom_none,,,,0.1,0.02,0,,,,,,,-0.02,0,,,,,,,0.04,0,,,,,,,0.12,0,123.82,124,10017.5,10000,5.24,6.77,7,-17.1,9.73,10,-186.9,3.8,4,153.4,170.54,58.65,169.74,56.58,,,761.1,,10.14,10.08,100.8,100.2,1.05,15.08,put new pH sensor module 23C100416,2/23/2024 9:43:43 PM,cdfw_frpmt,2/23/2024 9:43:43 PM,cdfw_frpmt,-121.282686637827,38.613649061917
9,5108d44b-4be6-4304-b380-c1c712227a07,19C101554,,Discrete,,3/7/2024 3:38:00 PM,2/23/2024 6:42:00 PM,"NIST_Thermometer_221949308_(Due,Barometer_210822350",turb_124,23E24001726,5/1/2024 7:00:00 AM,1/19/2024 8:00:00 PM,,,,,spc_10000,,,,2302L74,2/1/2025 8:00:00 AM,2/2/2024 8:00:00 PM,,,,,,,,,,,,,,,,,,,,,rhod_none,,,,fdom_none,,,,0.2,0.01,0,,,,,,,-0.02,0,,,,,,,-0.02,0,,,,,,,-0.03,0,124.35,124,10015.5,10000,5.27,,,,,,,,,,,,,,,,761.1,,10.02,10.08,99.7,100.3,1.06,15.092,,2/23/2024 9:46:21 PM,cdfw_frpmt,2/23/2024 9:46:21 PM,cdfw_frpmt,-121.282659480461,38.6136402609186
10,b2d90606-5688-4ea6-8fb3-c59bcce21d49,18D101365,,Discrete,,3/18/2024 12:31:00 PM,3/15/2024 10:23:00 PM,"NIST_Thermometer_221949308_(Due,Barometer_210822350",turb_124,23E24001726,5/1/2024 7:00:00 AM,1/19/2024 8:00:00 PM,,,,,spc_1412,2301C75,12/1/2024 8:00:00 AM,2/2/2024 8:00:00 PM,,,,,,,,,,,,,,"pH_7,pH_4,pH_10",2210GG42,10/1/2024 7:00:00 AM,3/19/2023 7:00:00 PM,4211B46,4/1/2024 7:00:00 AM,3/19/2023 7:00:00 PM,4212E38,11/1/2024 7:00:00 AM,4/2/2023 7:00:00 PM,rhod_none,,,,fdom_none,,,,0.1,0.01,0,,,0.05,0,,,0,0,,,-0.02,-0.01,,,0.01,0,,,0.01,0,,,-0.05,0,124.12,124,1412.3,1412,5.24,7.06,7,-20.2,10.06,10,-190.9,4.01,3.99,153.3,173.48,57.83,170.75,56.92,14.915,14.901,751.7,,10.03,9.99,99.3,98.9,1.04,14.924,,3/15/2024 11:52:33 PM,cdfw_frpmt,3/15/2024 11:52:33 PM,cdfw_frpmt,-121.282636597866,38.6136235809313
11,d3b98e6f-8cb8-4281-8ba1-fda59f53989e,18D101027,,Discrete,,3/18/2024 12:31:00 PM,3/15/2024 9:36:00 PM,"NIST_Thermometer_221949308_(Due,Barometer_210822350",turb_124,23E24001726,5/1/2024 7:00:00 AM,1/19/2024 8:00:00 PM,,,,,spc_1412,2301C75,12/1/2024 8:00:00 AM,2/2/2024 8:00:00 PM,,,,,,,,,,,,,,"pH_7,pH_4,pH_10",2210GG42,10/1/2024 7:00:00 AM,3/19/2023 7:00:00 PM,4211B46,4/1/2024 7:00:00 AM,3/19/2023 7:00:00 PM,4212E38,11/1/2024 7:00:00 AM,4/2/2023 7:00:00 PM,rhod_none,,,,fdom_none,,,,0,-0.01,0,,,-0.05,0,,,-0.01,0,,,0.02,0,,,-0.04,0,,,0.24,0,,,-0.05,0,124.22,124,1411.1,1412,5.24,7.09,7,-24.7,9.98,10,-191.3,3.98,3.97,154.3,179.02,59.67,166.1,55.54,14.879,14.927,751.9,,10.06,9.96,99.9,99.1,1.08,15.052,pH sensor gave yellow score for second time,3/15/2024 11:56:38 PM,cdfw_frpmt,3/15/2024 11:56:38 PM,cdfw_frpmt,-121.282668952012,38.6136938631894
12,ac525812-6ac9-4eda-a626-5339edebe594,18D101027,,Discrete,,4/2/2024 7:49:00 PM,3/29/2024 7:51:00 PM,NIST_Thermometer_221949308_(Due,turb_124,23E24001726,5/1/2024 7:00:00 AM,1/19/2024 8:00:00 PM,,,,,spc_10000,,,,2302L74,2/1/2025 8:00:00 AM,2/2/2024 8:00:00 PM,,,,,,,,,,,"pH_7,pH_4,pH_10",2210GG42,10/1/2024 7:00:00 AM,3/19/2023 7:00:00 PM,4211B46,4/1/2024 7:00:00 AM,3/19/2023 7:00:00 PM,4212E38,11/1/2024 7:00:00 AM,4/2/2023 7:00:00 PM,rhod_none,,,,fdom_none,,,,0,0.06,0,,,,,,,0.02,0,,,,,,,0.05,0,,,,,,,0.01,0,124.08,124,10004.4,10000,5.24,7.41,7,-23.9,10.31,10,-190.9,4.32,3.97,154.5,178.36,59.45,166.99,55.66,15.804,15.862,750.6,,,9.76,98.7,98.6,1.09,15.905,"used old DI water from 5 gal jug with pump, factory reset pH sensor since it had Yellow score when calibrations were good, forgot to get DOmgL pre",3/29/2024 10:25:04 PM,cdfw_frpmt,3/29/2024 10:25:04 PM,cdfw_frpmt,-121.282574907058,38.6136412248375
13,ad361eeb-82c6-41fa-b5bf-9a1428131fe9,18D101365,,Discrete,,4/2/2024 7:49:00 PM,3/29/2024 8:34:00 PM,NIST_Thermometer_221949308_(Due,turb_124,23E24001726,5/1/2024 7:00:00 AM,1/19/2024 8:00:00 PM,,,,,spc_10000,,,,2302L74,2/1/2025 8:00:00 AM,2/2/2024 8:00:00 PM,,,,,,,,,,,"pH_7,pH_4,pH_10",2210GG42,10/1/2024 7:00:00 AM,3/19/2023 7:00:00 PM,4211B46,4/1/2024 7:00:00 AM,3/19/2023 7:00:00 PM,4212E38,11/1/2024 7:00:00 AM,4/2/2023 7:00:00 PM,rhod_none,,,,fdom_none,,,,0.1,0.01,0,,,,,,,-0.02,0,,,,,,,-0.03,0,,,,,,,0.01,0,124.3,124,10006.1,10000,5.23,7.05,7,-22.2,10.03,10,192.8,4,3.99,153,175.19,58.4,170.56,56.85,15.783,15.785,750.6,,9.76,9.79,98.7,98.7,1.05,15.843,used old DI water from 5 gal jug with pump,3/29/2024 10:29:25 PM,cdfw_frpmt,3/29/2024 10:29:25 PM,cdfw_frpmt,-121.282657804081,38.6136776861163
14,ba41cae8-3149-4113-8c5d-b27f7d39f79e,18D101365,,Discrete,,4/11/2024 7:59:00 PM,4/9/2024 8:35:00 PM,"NIST_Thermometer_221949308_(Due,Barometer_210822350",turb_124,23E24001726,5/1/2024 7:00:00 AM,4/9/2024 7:00:00 PM,,,,,spc_1412,2301C75,12/1/2024 8:00:00 AM,2/2/2024 8:00:00 PM,,,,,,,,,,,,,,,,,,,,,,,,rhod_none,,,,fdom_none,,,,0,-0.04,0,,,-0.1,0,,,0,0,,,-0.06,-0.01,,,-0.01,0,,,0.01,0,,,-0.01,0,124.11,124,1407.6,1412,5.25,,,,,,,,,,,,,,16.222,16.224,761.3,,10.05,9.95,101.3,100.3,1.05,15.693,,4/9/2024 10:52:40 PM,cdfw_frpmt,4/9/2024 10:52:40 PM,cdfw_frpmt,-121.282694097721,38.6136188870655
15,5ae3e5e2-0b2f-4adc-88ef-f9217611b95b,19C101554,,Continuous,Pre,4/11/2024 7:59:00 PM,4/9/2024 8:31:00 PM,"NIST_Thermometer_221949308_(Due,Barometer_210822350",turb_124,23E24001726,5/1/2024 7:00:00 AM,4/9/2024 7:00:00 PM,,,,,spc_1412,2301C75,12/1/2024 8:00:00 AM,2/2/2024 8:00:00 PM,,,,,,,,,,,,,,,,,,,,,,,,rhod_none,,,,fdom_none,,,,0.2,-0.01,0,,,0.09,0,,,-0.01,0,,,0.05,0,,,-0.03,0,,,-0.06,0,,,-0.03,0,124.09,124,1402.5,1412,5.3,,,,,,,,,,,,,,16.218,16.22,761.3,,10.09,9.97,101.4,100.1,1.06,15.616,,4/9/2024 10:53:30 PM,cdfw_frpmt,4/9/2024 10:53:30 PM,cdfw_frpmt,-121.282713543737,38.6136379978048
16,f6029739-0989-4af8-9e58-70c0be343a3f,19C101553,,Continuous,Pre,4/11/2024 7:59:00 PM,4/9/2024 8:08:00 PM,"NIST_Thermometer_221949308_(Due,Barometer_210822350",turb_124,23E24001726,5/1/2024 7:00:00 AM,4/9/2024 7:00:00 PM,,,,,spc_1412,2301C75,12/1/2024 8:00:00 AM,2/2/2024 8:00:00 PM,,,,,,,,,,,,,,,,,,,,,,,,rhod_none,,,,fdom_none,,,,0.1,0.04,0,,,0.29,0,,,0,0,,,-0.01,0.02,,,-0.01,0,,,0,0,,,-0.01,0,124.27,124,1402.3,1412,5.33,,,,,,,,,,,,,,16.251,16.27,761.3,,9.89,9.97,99.5,100.1,1.09,15.639,,4/9/2024 10:54:57 PM,cdfw_frpmt,4/9/2024 10:54:57 PM,cdfw_frpmt,-121.282712621727,38.6136109242575
17,df98e672-5a8c-4337-a135-f9c7cebd1820,19C101552,,Continuous,Post,4/11/2024 3:45:00 PM,4/12/2024 5:16:00 PM,NIST_Thermometer_221949308_(Due,turb_124,23E24001726,5/1/2024 7:00:00 AM,1/19/2024 8:00:00 PM,,,,,spc_1412,2301C75,12/1/2024 8:00:00 AM,5/24/2023 7:00:00 PM,,,,,,,,,,,,,,,,,,,,,,,,rhod_none,,,,fdom_none,,,,0.2,0.02,0,,,,,,,0.01,0,,,0.03,0.01,,,0.19,0,,,0.18,0,,,-0.01,0,124.53,124,1406.6,1412,5.31,,,,,,,,,,,,,,20.462,20.506,751.1,,8.82,8.9,98,99,1.08,20.482,replaced wiper brush,4/12/2024 8:11:48 PM,cdfw_frpmt,4/12/2024 8:11:48 PM,cdfw_frpmt,-121.282691247874,38.6137224454792
18,9708deee-3f7a-4b14-a74e-18d8ef1a0295,19C101551,,Continuous,Post,4/11/2024 5:33:00 PM,4/12/2024 5:12:00 PM,NIST_Thermometer_221949308_(Due,turb_124,23E24001726,5/1/2024 7:00:00 AM,1/19/2024 8:00:00 PM,,,,,spc_1412,2301C75,12/1/2024 8:00:00 AM,5/24/2023 7:00:00 PM,,,,,,,,,,,,,,,,,,,,,,,,rhod_none,,,,fdom_none,,,,1.2,0.02,0,,,,,,,-0.01,0,,,0.04,0,,,0.15,0,,,0.15,0,,,0.09,0,124.18,124,1405.5,1412,5.29,,,,,,,,,,,,,,20.466,20.442,751.1,,8.94,8.92,99.1,98.8,1.01,20.414,,4/12/2024 8:13:21 PM,cdfw_frpmt,4/12/2024 8:13:21 PM,cdfw_frpmt,-121.282694935912,38.6136368243383
19,ffe514d4-70fb-4253-860c-d42873091c3e,18D101365,,Discrete,,4/15/2024 2:43:00 PM,4/15/2024 2:42:00 AM,other,,,,,,,,,spc_10000,,,,2302L74,2/1/2025 8:00:00 AM,2/2/2024 8:00:00 PM,,,,,,,,,,,,,,,,,,,,,rhod_none,,,,fdom_none,,,,,,,,,,,,,,,,,,,,,,,,,,,,,,,,,10043,10000,5.23,,,,,,,,,,,,,,,,,,,,,,,,,4/15/2024 2:44:21 AM,cdfw_frpmt,4/15/2024 2:44:21 AM,cdfw_frpmt,-121.282654110541,38.6136778774631
20,936874b4-81d4-44f8-bbb1-5f33116fc6da,18D101365,,Discrete,,4/25/2024 9:01:00 PM,4/24/2024 9:16:00 PM,NIST_Thermometer_221949308_(Due,turb_124,23E24001726,5/1/2024 7:00:00 AM,4/9/2024 7:00:00 PM,,,,,spc_1412,2301C75,12/1/2024 8:00:00 AM,2/2/2024 8:00:00 PM,,,,,,,,,,,,,,"pH_7,pH_4,pH_10",2210GG42,10/1/2024 7:00:00 AM,3/19/2023 7:00:00 PM,4211B46,4/1/2024 7:00:00 AM,3/19/2023 7:00:00 PM,4212E38,11/1/2024 7:00:00 AM,4/2/2023 7:00:00 PM,rhod_none,,,,fdom_none,,,,0.1,0.019,0,,,,,,,0.006,0,,,,,,,-0.004,0,,,,,,,0.03,0,124.21,124,1409,1412,5.24,7.09,7,-25.8,9.98,10,-193.6,3.97,4,155.2,,,,,18.269,18.265,,,9.36,9.4,99.3,99.7,1.05,18.2,Performed SC in 1412 on 240422; performed entire calibration with handheld hence some missing metadata for DO and pH,4/24/2024 11:54:52 PM,cdfw_frpmt,4/24/2024 11:54:52 PM,cdfw_frpmt,-121.282685967275,38.6136497324692
21,f5372303-2dca-4564-9e5d-5d4c6b386805,18D101027,,Discrete,,4/25/2024 9:01:00 PM,4/24/2024 10:42:00 PM,NIST_Thermometer_221949308_(Due,turb_124,23E24001726,5/1/2024 7:00:00 AM,4/9/2024 7:00:00 PM,,,,,spc_1412,2301C75,12/1/2024 8:00:00 AM,2/2/2024 8:00:00 PM,,,,,,,,,,,,,,"pH_7,pH_4,pH_10",2210GG42,10/1/2024 7:00:00 AM,3/19/2023 7:00:00 PM,4211B46,4/1/2024 7:00:00 AM,3/19/2023 7:00:00 PM,4212E38,11/1/2024 7:00:00 AM,4/2/2023 7:00:00 PM,rhod_none,,,,fdom_none,,,,0,-0.082,0,,,,,,,-0.019,0,,,,,,,-0.097,0,,,,,,,-0.03,0,124.17,124,1412,1412,5.24,7.07,7,-24.2,9.96,10,-191.7,4.03,4,152.3,,,,,18.303,18.345,,,9.46,9.38,,99.7,1.09,18.3,performed entire calibration with handheld hence some missing metadata for DO and pH,4/24/2024 11:57:08 PM,cdfw_frpmt,4/24/2024 11:57:08 PM,cdfw_frpmt,-121.282641207912,38.6136966292175
22,fc888a86-4751-422a-b394-f8ce751f2080,18D101365,,Discrete,,5/8/2024 4:01:00 AM,5/6/2024 3:06:00 PM,NIST_Thermometer_221949308_(Due,turb_124,23E24001726,5/1/2024 7:00:00 AM,4/9/2024 7:00:00 PM,,,,,spc_1412,2301C75,12/1/2024 8:00:00 AM,2/2/2024 8:00:00 PM,,,,,,,,,,,,,,"pH_7,pH_4,pH_10",2210GG42,10/1/2024 7:00:00 AM,3/19/2023 7:00:00 PM,4211B46,4/1/2024 7:00:00 AM,3/19/2023 7:00:00 PM,4212E38,11/1/2024 7:00:00 AM,4/2/2023 7:00:00 PM,rhod_none,,,,fdom_none,,,,0.4,0,0,,,0.07,0,,,0.01,0,,,0.03,-0.01,,,0.02,0,,,-0.03,0,,,-0.06,0,123.71,124,1409.5,1412,5.25,7.07,7,-25.6,9.99,10,-193.5,3.99,3.97,152.3,177.88,59.29,167.86,55.95,17.039,17.035,762.1,,9.6,9.68,99.5,100.3,1.06,17.041,Updated firmware; pH sensor needs refreshing,5/6/2024 4:01:30 PM,cdfw_frpmt,5/6/2024 4:01:30 PM,cdfw_frpmt,-121.282651852929,38.6136580724629
23,f9ed0aa4-1469-402c-9c4b-b6995eef26f4,19C101552,,Continuous,Pre,5/8/2024 4:01:00 AM,5/6/2024 2:39:00 PM,NIST_Thermometer_221949308_(Due,turb_124,23E24001726,5/1/2024 7:00:00 AM,4/9/2024 7:00:00 PM,,,,,spc_1412,2301C75,12/1/2024 8:00:00 AM,2/2/2024 8:00:00 PM,,,,,,,,,,,,,,,,,,,,,,,,rhod_none,,,,fdom_none,,,,0,-0.03,0,,,-1.26,-0.01,,,0.02,0,,,0.14,0.01,,,0.18,0,,,0.18,0,,,0.02,0,123.87,124,1410.3,1412,5.32,,,,,,,,,,,,,,17.069,17.108,762.1,,9.63,9.68,99.8,100.3,1.08,17.11,Updated firmware; battery 100.0%,5/6/2024 4:07:21 PM,cdfw_frpmt,5/6/2024 4:07:21 PM,cdfw_frpmt,-121.282648919263,38.6136641074332
24,e9547444-2afe-4cea-8f46-3d83b8c0c180,19C101551,,Continuous,Pre,5/8/2024 4:01:00 AM,5/6/2024 2:19:00 PM,NIST_Thermometer_221949308_(Due,turb_124,23E24001726,5/1/2024 7:00:00 AM,4/9/2024 7:00:00 PM,,,,,spc_1412,2301C75,12/1/2024 8:00:00 AM,2/2/2024 8:00:00 PM,,,,,,,,,,,,,,,,,,,,,,,,rhod_none,,,,fdom_none,,,,1.1,0,0,,,0.2,0,,,0.01,0,,,0.09,0.02,,,0.08,0,,,0.1,0.01,,,0.01,0,124.01,124,1414.9,1412,5.28,,,,,,,,,,,,,,17.097,17.083,762.1,,9.62,9.67,99.7,100.2,1.01,17.083,Updated firmware; battery 100.0%,5/6/2024 4:13:27 PM,cdfw_frpmt,5/6/2024 4:13:27 PM,cdfw_frpmt,-121.282668952012,38.6136411410185
25,b86cd4a5-048c-4bde-aeb7-5b57d25cbb43,19C101553,,Continuous,Post,5/7/2024 3:30:00 PM,5/8/2024 10:46:00 PM,NIST_Thermometer_221949308_(Due,turb_124,23E24001726,5/1/2024 7:00:00 AM,4/4/2024 7:00:00 PM,,,,,spc_1412,2301C75,12/1/2024 8:00:00 AM,5/8/2024 7:00:00 PM,,,,,,,,,,,,,,,,,,,,,,,,rhod_none,,,,fdom_none,,,,0.1,-0.04,0,,,-0.05,0,,,0,0,,,-0.03,-0.02,,,-0.07,0,,,-0.07,0,,,0.03,0,124.15,124,1426.3,1412,5.27,,,,,,,,,,,,,,19.221,19.251,753.7,,9.16,9.16,99.3,99.1,1.08,19.253,Updated firmware after calibration,5/9/2024 12:24:10 AM,cdfw_frpmt,5/9/2024 12:24:10 AM,cdfw_frpmt,-121.282599414534,38.6136802351126
26,4204a071-6557-47df-81cb-d5280f6db8f3,18D101027,,Discrete,,5/9/2024 3:14:00 PM,5/8/2024 11:14:00 PM,NIST_Thermometer_221949308_(Due,turb_124,23E24001726,5/1/2024 7:00:00 AM,,,,,,spc_10000,,,,2302L74,2/1/2025 8:00:00 AM,2/2/2024 8:00:00 PM,,,,,,,,,,,"pH_7,pH_4,pH_10",2210GG42,10/1/2024 7:00:00 AM,3/19/2023 7:00:00 PM,4211B46,4/1/2024 7:00:00 AM,3/19/2023 7:00:00 PM,4212E38,11/1/2024 7:00:00 AM,4/2/2023 7:00:00 PM,rhod_none,,,,fdom_none,,,,0,-0.01,0,,,0.05,0,,,0,0,,,,,,,-0.01,0,,,,,,,-0.03,0,123.79,124,10009.7,10000,5.23,7.04,7,-23.2,9.97,10,-191,3.99,3.98,150.9,174.1,58.03,167.77,55.92,19.194,19.24,753.7,,9.12,9.15,98.8,99.2,1.09,19.257,Updated firmware before calibration,5/9/2024 12:24:10 AM,cdfw_frpmt,5/9/2024 12:24:10 AM,cdfw_frpmt,-121.282621359263,38.6136839221393
27,5f64c024-1065-4334-a2ed-2e6bf5313c60,18D101365,,Discrete,,5/20/2024 2:33:00 PM,5/19/2024 11:13:00 PM,NIST_Thermometer_221949308_(Due,turb_124,23E24001726,5/1/2024 7:00:00 AM,4/4/2024 7:00:00 PM,,,,,spc_1412,2312E37,11/1/2025 7:00:00 AM,5/9/2024 7:00:00 PM,,,,,,,,,,,,,,"pH_7,pH_4,pH_10",2210GG42,10/1/2024 7:00:00 AM,3/19/2023 7:00:00 PM,4211B46,4/1/2024 7:00:00 AM,3/19/2023 7:00:00 PM,4212E38,11/1/2024 7:00:00 AM,4/2/2023 7:00:00 PM,rhod_none,,,,fdom_none,,,,0.1,-0.02,0,,,-0.05,0,,,0,0,,,-0.01,-0.02,,,-0.06,0,,,-0.03,0,,,-0.02,0,124.36,124,1419.5,1412,5.22,7.08,7,-26.9,9.97,10,-196,4.04,3.97,150.6,177.41,59.14,169.19,56.4,19.101,19.082,754.9,,9.23,9.19,99.7,99.3,1.05,19.089,,5/20/2024 12:48:25 AM,cdfw_frpmt,5/20/2024 12:48:25 AM,cdfw_frpmt,-121.282658463479,38.6136703809835
28,ffec9bb9-cc1a-4059-a2be-cd49c7c29ecc,18D101027,,Discrete,,5/20/2024 2:33:00 PM,5/19/2024 10:33:00 PM,NIST_Thermometer_221949308_(Due,turb_124,23E24001726,5/1/2024 7:00:00 AM,4/4/2024 7:00:00 PM,,,,,spc_1412,2312E37,11/1/2025 7:00:00 AM,5/9/2024 7:00:00 PM,,,,,,,,,,,,,,"pH_7,pH_4,pH_10",2210GG42,10/1/2024 7:00:00 AM,3/19/2023 7:00:00 PM,4211B46,4/1/2024 7:00:00 AM,3/19/2023 7:00:00 PM,4212E38,11/1/2024 7:00:00 AM,4/2/2023 7:00:00 PM,rhod_none,,,,fdom_none,,,,0,0.02,0,,,-0.06,0,,,0.03,0,,,-0.03,-0.01,,,0,0,,,-0.1,0,,,-0.03,0,124.37,124,1413.7,1412,5.23,7.09,7,-26.2,9.99,10,-192.6,3.97,3.97,152.5,178.68,59.56,166.37,55.46,19.143,19.196,755,,9.24,9.18,100,99.4,1.09,19.204,,5/20/2024 12:52:48 AM,cdfw_frpmt,5/20/2024 12:52:48 AM,cdfw_frpmt,-121.282652446817,38.6136665286401
29,f077ad97-5f03-4540-b877-f35e21c50427,19C101553,,Continuous,Pre,6/6/2024 4:04:00 PM,6/4/2024 2:03:00 PM,NIST_Thermometer_221949308_(Due,turb_124,23E24001726,5/1/2024 7:00:00 AM,4/4/2024 7:00:00 PM,,,,,spc_1412,4401G04,12/1/2025 8:00:00 AM,4/18/2024 7:00:00 PM,,,,,,,,,,,,,,,,,,,,,,,,rhod_none,,,,fdom_none,,,,0.1,-0.04,0,,,-0.03,-0.01,,,0,0,,,0,0,,,-0.13,0,,,-0.12,0,,,0.03,0,124.33,124,1405.6,1412,5.3,,,,,,,,,,,,,,20.264,20.287,755.5,,9.01,8.99,99.7,99.3,1.08,20.31,,6/4/2024 9:49:11 PM,cdfw_frpmt,6/4/2024 9:49:11 PM,cdfw_frpmt,-121.241662605035,37.9068115879709
30,09b063b7-7997-4244-a872-68dc2e49c794,19C101554,,Continuous,Pre,6/6/2024 4:14:00 PM,6/4/2024 2:07:00 PM,NIST_Thermometer_221949308_(Due,turb_124,23E24001726,5/1/2024 7:00:00 AM,4/4/2024 7:00:00 PM,,,,,spc_1412,4401G04,12/1/2025 8:00:00 AM,4/18/2024 7:00:00 PM,,,,,,,,,,,,,,,,,,,,,,,,rhod_none,,,,fdom_none,,,,0.4,-0.07,0,,,-0.1,0,,,-0.02,0,,,-0.15,-0.01,,,-0.12,0,,,-0.12,0,,,-0.06,0,124.32,124,1420.7,1412,5.27,,,,,,,,,,,,,,20.274,20.256,755.5,,9.01,8.98,99.8,99.4,1.06,20.284,,6/4/2024 9:52:50 PM,cdfw_frpmt,6/4/2024 9:52:50 PM,cdfw_frpmt,-121.24165011993,37.9067659496165
31,81b49acd-7888-4c0e-b660-10b73dc952cb,18D101027,,Discrete,,6/6/2024 3:16:00 PM,6/4/2024 3:18:00 PM,NIST_Thermometer_221949308_(Due,turb_124,23E24001726,5/1/2024 7:00:00 AM,4/4/2024 7:00:00 PM,,,,,spc_1412,4401G04,12/1/2025 8:00:00 AM,4/18/2024 7:00:00 PM,,,,,,,,,,,,,,"pH_7,pH_4,pH_10",4310H23,10/1/2025 7:00:00 AM,6/4/2024 7:00:00 PM,1309L50,3/1/2025 8:00:00 AM,6/4/2024 7:00:00 PM,4212E38,11/1/2024 7:00:00 AM,6/4/2024 7:00:00 PM,rhod_none,,,,fdom_none,,,,0.1,0.09,0,,,,,,,0,0,,,,,,,0,0,,,,,,,-0.04,0,123.83,124,1408.2,1412,5.24,7.01,7,-22.6,9.95,10,-191.5,3.9,3.97,155.2,177.82,59.27,168.9,56.3,20.265,20.319,755.4,,8.98,8.98,99.5,99.4,1.05,20.31,Used new pH standards for first time,6/4/2024 9:59:26 PM,cdfw_frpmt,7/2/2024 7:07:54 PM,cdfw_frpmt,-121.241639754985,37.9068476055218
32,ed2b84d0-f7a8-403c-8754-ae55844f329f,18D101365,,Discrete,,6/6/2024 3:16:00 PM,6/4/2024 3:17:00 PM,NIST_Thermometer_221949308_(Due,turb_124,23E24001726,5/1/2024 7:00:00 AM,4/4/2024 7:00:00 PM,,,,,spc_10000,,,,2302L74,2/1/2025 8:00:00 AM,2/2/2024 8:00:00 PM,,,,,,,,,,,"pH_7,pH_4,pH_10",2210GG42,10/1/2024 7:00:00 AM,3/19/2023 7:00:00 PM,1309L50,3/1/2025 8:00:00 AM,6/4/2024 7:00:00 PM,4310E71,9/1/2025 7:00:00 AM,6/4/2024 7:00:00 PM,rhod_none,,,,fdom_none,,,,0.2,-0.08,0,,,,,,,0.01,0,,,,,,,0.02,0,,,,,,,-0.08,0,123.65,124,9961,10000,5.24,7.03,7,-25.9,9.94,10,-193.1,3.9,3.96,154.3,180.17,60.06,167.24,55.75,20.276,20.27,755.5,,8.97,8.99,99.2,99.4,1.05,20.288,Used new pH standards for first time. Sonde1 was sent prematurely with wrong calibration for DO,6/4/2024 10:52:58 PM,cdfw_frpmt,6/4/2024 10:52:58 PM,cdfw_frpmt,-121.241661213425,37.9068180604493
33,41b664ca-bbe1-4813-b411-c843221dc36d,19C101552,,Continuous,Post,6/6/2024 5:35:00 PM,6/6/2024 10:48:00 PM,NIST_Thermometer_221949308_(Due,turb_124,23E24001726,5/1/2024 7:00:00 AM,4/4/2024 7:00:00 PM,,,,,spc_1412,4401G04,12/1/2025 8:00:00 AM,4/18/2024 7:00:00 PM,,,,,,,,,,,,,,,,,,,,,,,,rhod_none,,,,fdom_none,,,,1.1,-0.02,0,,,-0.28,0,,,-0.02,0,,,-0.04,0,,,-0.19,0,,,-0.32,0,,,-0.04,0,124.45,124,1417.3,1412,5.3,,,,,,,,,,,,,,19.821,19.858,753.1,,9.06,9.02,99.4,99.1,1.07,19.88,,6/6/2024 11:46:11 PM,cdfw_frpmt,6/6/2024 11:46:11 PM,cdfw_frpmt,-121.241631846913,37.9067407370558
34,07eb4cd9-a4d6-4191-b2e4-8eaf3b19f068,19C101551,,Continuous,Post,6/6/2024 3:40:00 PM,6/6/2024 10:48:00 PM,NIST_Thermometer_221949308_(Due,turb_124,23E24001726,5/1/2024 7:00:00 AM,4/4/2024 7:00:00 PM,,,,,spc_1412,4401G04,12/1/2025 8:00:00 AM,4/18/2024 7:00:00 PM,,,,,,,,,,,,,,,,,,,,,,,,rhod_none,,,,fdom_none,,,,0,-0.08,0,,,-0.29,0,,,0,0,,,0.02,0,,,-0.12,0,,,-0.09,0,,,-0.05,0,124.49,124,1419.2,1412,5.26,,,,,,,,,,,,,,19.824,19.853,753.1,,9.03,9.03,99.1,99,1.07,19.881,,6/6/2024 11:48:04 PM,cdfw_frpmt,6/6/2024 11:48:04 PM,cdfw_frpmt,-121.241482271092,37.9068084407953
35,9c35dc88-28a2-4467-bf47-6cf79ac84e9b,19C101659,,Discrete,Pre,7/3/2024 7:00:00 PM,7/2/2024 8:43:00 PM,NIST_Thermometer_221949308_(Due,turb_124,24E24012156,5/1/2025 7:00:00 AM,7/2/2024 7:00:00 PM,,,,,spc_10000,,,,2302L74,2/1/2025 8:00:00 AM,,,,,,,,,,,,"pH_7,pH_4,pH_10",4310H23,10/1/2025 7:00:00 AM,6/4/2024 7:00:00 PM,1309L50,3/1/2025 8:00:00 AM,6/4/2024 7:00:00 PM,4310E71,9/1/2025 7:00:00 AM,6/4/2024 7:00:00 PM,rhod_none,,,,fdom_none,,,,0.3,-0.03,0,,,-0.33,0,,,-0.01,0,,,0.02,0,,,0.02,0,,,0.01,0,,,0.02,0,112.37,124,10019.2,10000,5.23,7.5,7,-28.9,10.38,10,-196.7,4.39,3.96,152,180.87,60.29,167.76,55.92,19.832,19.833,753.2,,9.02,9.05,98.9,99.1,1.05,19.822,Brand new bottle of turbidity standard. Restored pH sensor to factory settings prior to calibration,7/3/2024 12:12:06 AM,cdfw_frpmt,7/3/2024 12:12:06 AM,cdfw_frpmt,-121.241626809209,37.9068334416732
36,632618f3-63f7-4d4b-94ff-3a64481c6f3c,18D101027,,Discrete,,7/3/2024 7:00:00 PM,7/2/2024 8:08:00 PM,NIST_Thermometer_221949308_(Due,turb_124,24E24012156,5/1/2025 7:00:00 AM,7/2/2024 7:00:00 PM,,,,,spc_1412,4401G04,12/1/2025 8:00:00 AM,4/18/2024 7:00:00 PM,,,,,,,,,,,,,,"pH_7,pH_4,pH_10",4310H23,10/1/2025 7:00:00 AM,6/4/2024 7:00:00 PM,1309L50,3/1/2025 8:00:00 AM,6/4/2024 7:00:00 PM,4310E71,9/1/2025 7:00:00 AM,6/4/2024 7:00:00 PM,rhod_none,,,,fdom_none,,,,0,0.02,0,,,0.29,0,,,-0.01,0,,,0,0,,,-0.05,0,,,-0.01,0,,,0,0,112.28,124,1413.5,1412,5.23,7.51,7,-29.5,10.39,10,-197.1,4.46,3.97,147.8,177.3,59.1,167.63,55.88,19.834,19.871,753.2,,9.06,9.01,99.4,98.9,1.09,19.862,Brand new bottle of turbidity standard. Restore pH sensor to factory settings prior to calibration,7/3/2024 12:17:16 AM,cdfw_frpmt,7/3/2024 12:17:16 AM,cdfw_frpmt,-121.241609871885,37.9068530271977
37,c455e77e-992b-44c7-af04-4c8bd567943f,19C101551,,Continuous,Pre,7/3/2024 7:00:00 PM,7/2/2024 7:10:00 PM,NIST_Thermometer_221949308_(Due,turb_124,24E24012156,5/1/2025 7:00:00 AM,7/2/2024 7:00:00 PM,,,,,spc_1412,4401G04,12/1/2025 8:00:00 AM,4/18/2024 7:00:00 PM,,,,,,,,,,,,,,,,,,,,,,,,rhod_none,,,,fdom_none,,,,1.2,0.17,0,,,0.63,0.01,,,-0.02,0,,,-0.12,0.02,,,0,0,,,-0.01,0,,,0.01,0,112.56,124,1413.7,1412,5.25,,,,,,,,,,,,,,19.798,19.752,753.2,,9.14,9.05,100.1,99.1,1,19.754,Brand new bottle of turbidity standard,7/3/2024 12:22:35 AM,cdfw_frpmt,7/3/2024 12:22:35 AM,cdfw_frpmt,-121.241533646095,37.9067921521557
38,377833b2-695b-4993-8428-0170d1d0e390,19C101552,,Continuous,Pre,7/3/2024 7:00:00 PM,7/2/2024 7:46:00 PM,NIST_Thermometer_221949308_(Due,turb_124,24E24012156,5/1/2025 7:00:00 AM,7/2/2024 7:00:00 PM,,,,,spc_10000,,,,2302L74,2/1/2025 8:00:00 AM,2/2/2024 8:00:00 PM,,,,,,,,,,,,,,,,,,,,,rhod_none,,,,fdom_none,,,,0,-0.01,0,,,0,-0.01,,,-0.01,0,,,0.07,0,,,-0.06,0,,,-0.09,0,,,0.05,0,112.43,124,10005.1,9999.9,5.3,,,,,,,,,,,,,,19.789,19.829,753.2,,9.07,9.05,99.5,99.2,1.07,19.832,Brand new bottle of turbidity standard,7/3/2024 12:27:19 AM,cdfw_frpmt,7/3/2024 12:27:19 AM,cdfw_frpmt,-121.241596973325,37.9068252710936
39,4d96f9d8-cadb-4a3f-9352-a403f06d2404,19C101554,,Continuous,Post,7/4/2024 3:15:00 AM,7/3/2024 7:51:00 PM,NIST_Thermometer_221949308_(Due,turb_124,23E24001726,5/1/2024 7:00:00 AM,4/9/2024 7:00:00 PM,,,,,spc_1412,4401G04,12/1/2025 8:00:00 AM,4/18/2024 7:00:00 PM,,,,,,,,,,,,,,,,,,,,,,,,rhod_none,,,,fdom_none,,,,0.6,0.01,0,,,-0.08,0,,,0.03,0,,,0.1,0.01,,,0.08,0,,,0.06,-0.01,,,-0.03,0,124.05,123.99,1412,1412,5.27,,,,,,,,,,,,,,19.871,19.915,756.1,,9.06,9.06,99.5,99.5,1.06,19.916,,7/3/2024 8:28:07 PM,cdfw_frpmt,7/3/2024 8:28:07 PM,cdfw_frpmt,-121.241545628507,37.9068709153365
40,91a4d53c-3e41-421e-8449-45a6495e698a,19C101553,,Continuous,Post,7/11/2024 3:11:00 PM,7/11/2024 7:00:37 PM,NIST_Thermometer_221949308_(Due,turb_124,23E24001726,5/1/2024 7:00:00 AM,4/9/2024 7:00:00 PM,,,,,spc_1412,4401G04,12/1/2025 8:00:00 AM,4/18/2024 7:00:00 PM,,,,,,,,,,,,,,,,,,,,,,,,rhod_none,,,,fdom_none,,,,0.2,0.03,0,,,-0.09,0,,,-0.02,0,,,0.06,0,,,-0.01,0,,,-0.01,0,,,0.02,0,124.19,124,1416.9,1412,5.28,,,,,,,,,,,,,,21.024,21.055,755.8,,8.78,8.85,98.7,99.4,1.09,21.094,,7/11/2024 7:33:49 PM,cdfw_frpmt,7/11/2024 7:33:49 PM,cdfw_frpmt,-121.241579403219,37.9068673862874
41,af6611b0-37a6-409f-8ec9-f09ff7fc4aa1,19C101659,,Discrete,,7/18/2024 3:26:00 PM,7/18/2024 4:15:00 PM,NIST_Thermometer_221949308_(Due,turb_124,24E24012156,5/1/2025 7:00:00 AM,7/2/2024 7:00:00 PM,,,,,spc_20000,,,,,,,2301C69,12/1/2024 8:00:00 AM,7/18/2024 7:00:00 PM,,,,,,,,"pH_7,pH_4,pH_10",4310H23,10/1/2025 7:00:00 AM,6/4/2024 7:00:00 PM,1309L50,3/1/2025 8:00:00 AM,6/4/2024 7:00:00 PM,4310E71,9/1/2025 7:00:00 AM,6/4/2024 7:00:00 PM,rhod_none,,,,fdom_none,,,,0.2,0.01,0,,,0,0,,,-0.01,0,,,0.01,0,,,-0.03,0,,,0,0,,,0.02,0,123.5,124,20010,19999.9,5.23,7.07,7,-28.8,9.98,10,-197.8,3.98,3.97,151.1,179.93,59.98,169,56.33,22.073,22.04,759.3,,8.74,8.73,100.1,100,1.05,22.038,,7/18/2024 5:58:03 PM,cdfw_frpmt,7/18/2024 5:58:03 PM,cdfw_frpmt,-121.241525597004,37.9068024355925
42,ddf82eb2-b950-413d-bf8c-1da2458051de,18D101027,,Discrete,,7/18/2024 3:26:00 PM,7/18/2024 3:29:00 PM,NIST_Thermometer_221949308_(Due,turb_124,24E24012156,5/1/2025 7:00:00 AM,7/2/2024 7:00:00 PM,,,,,spc_20000,,,,,,,2301C69,12/1/2024 8:00:00 AM,7/18/2024 7:00:00 PM,,,,,,,,"pH_7,pH_4,pH_10",4310H23,10/1/2025 7:00:00 AM,6/4/2024 7:00:00 PM,1309L50,3/1/2025 8:00:00 AM,6/4/2024 7:00:00 PM,4310E71,9/1/2025 7:00:00 AM,6/4/2024 7:00:00 PM,rhod_none,,,,fdom_none,,,,0,0.02,0,,,0.08,0,,,0.02,0,,,0.07,0.02,,,0.01,0,,,0.01,0,,,-0.03,0,123.56,124,20036,20000,5.23,7.04,7,-28.8,9.93,10,-195.1,3.86,3.95,154.4,183.24,61.08,166.3,55.43,22.075,22.102,759.2,,8.75,8.72,100.1,99.9,1.09,22.07,pH module needs replacement,7/18/2024 6:01:43 PM,cdfw_frpmt,7/18/2024 6:01:43 PM,cdfw_frpmt,-121.241619914781,37.90678913878
43,0a019532-c78a-4d28-b43d-509da631ccac,19C101554,,Continuous,Pre,7/31/2024 5:31:00 PM,7/30/2024 2:37:00 PM,NIST_Thermometer_221949308_(Due,turb_124,24E24012156,5/1/2025 7:00:00 AM,,,,,,spc_1412,2312E37,11/1/2025 7:00:00 AM,5/24/2023 7:00:00 PM,,,,,,,,,,,,,,,,,,,,,,,,rhod_none,,,,fdom_none,,,,0.1,0.1,0,,,0.3,-0.01,,,-0.01,0,,,-0.07,-0.01,,,-0.03,0,,,0.01,0,,,0,0,112.07,123.99,1419.1,1412,5.24,,,,,,,,,,,,,,21.628,21.663,757.6,,8.78,8.77,98.8,99.6,1.06,21.658,First time using turbidity lot,7/31/2024 1:57:37 PM,cdfw_frpmt,7/31/2024 1:57:37 PM,cdfw_frpmt,-121.241601982914,37.9068719235028
44,b09f8489-3f63-46fa-88b9-4376a348b3af,19C101553,,Continuous,Pre,7/31/2024 2:31:00 PM,7/30/2024 2:55:00 PM,NIST_Thermometer_221949308_(Due,turb_124,24E24012156,5/1/2025 7:00:00 AM,,,,,,spc_1412,2312E37,11/1/2025 7:00:00 AM,5/24/2023 7:00:00 PM,,,,,,,,,,,,,,,,,,,,,,,,rhod_none,,,,fdom_none,,,,0.5,-0.08,0,,,-0.22,0,,,0.02,0,,,0.02,0,,,-0.08,0,,,-0.05,0,,,-0.13,0,111.48,124,1413.1,1412,5.27,,,,,,,,,,,,,,21.689,21.71,757.8,,8.94,8.76,101.7,99.7,1.07,21.724,Used New turbidity standard,7/31/2024 2:09:39 PM,cdfw_frpmt,7/31/2024 2:09:39 PM,cdfw_frpmt,-121.241623500567,37.9068352471269
45,238ba14b-a491-43fc-970f-1259bb60aa1f,19C101659,,Continuous,Pre,7/31/2024 2:31:00 PM,7/30/2024 6:55:00 PM,NIST_Thermometer_221949308_(Due,turb_124,24E24012156,5/1/2025 7:00:00 AM,,,,,,spc_1412,2312E37,11/1/2025 7:00:00 AM,5/24/2023 7:00:00 PM,,,,,,,,,,,,,,"pH_7,pH_4,pH_10",4310H23,10/1/2025 7:00:00 AM,6/4/2024 7:00:00 PM,1309L50,3/1/2025 8:00:00 AM,6/4/2024 7:00:00 PM,4310E71,9/1/2025 7:00:00 AM,5/4/2024 7:00:00 PM,rhod_none,,,,fdom_none,,,,0.5,0.15,0,,,0.52,0.01,,,-0.01,0,,,0.02,0,,,-0.01,0,,,-0.02,0,,,0.03,-0.01,124.05,124,1418.4,1412,5.2,7.15,7,-34,10.03,10,-210.6,4.12,3.97,142.8,176.74,58.91,167.61,58.87,21.437,21.417,757.6,,8.82,8.81,99.8,99.8,1.05,21.452,Performed pH calibration on 20240806,8/6/2024 11:03:29 PM,cdfw_frpmt,8/6/2024 11:03:29 PM,cdfw_frpmt,-121.24158901265,37.9068026521236
46,99290992-5939-4d39-8161-423ce208a3cb,18D101027,,Continuous,Pre,7/31/2024 2:31:00 PM,7/30/2024 7:12:00 PM,NIST_Thermometer_221949308_(Due,turb_124,24E24012156,5/1/2025 7:00:00 AM,,,,,,spc_1412,2312E37,11/1/2025 7:00:00 AM,5/24/2023 7:00:00 PM,,,,,,,,,,,,,,"pH_7,pH_4,pH_10",4310H23,10/1/2025 7:00:00 AM,6/4/2024 7:00:00 PM,1309L50,3/1/2025 8:00:00 AM,6/4/2024 7:00:00 PM,4310E71,9/1/2025 7:00:00 AM,6/4/2024 7:00:00 PM,rhod_none,,,,fdom_none,,,,,-0.03,0,,,-0.13,0,,,-0.02,0,,,0.1,-0.02,,,0.01,0,,,-0.02,0,,,0.08,0,124.24,124,1414.5,1412,5.22,7.25,7,-37.9,10.05,10,-201.2,4.06,3.94,148.4,186.29,62.1,163.36,54.54,21.416,21.647,757.6,,8.78,8.8,99.5,99.6,1.09,21.506,Performed pH calibration on 20240806 and got a Red QC so must be replaced,8/6/2024 11:04:45 PM,cdfw_frpmt,8/6/2024 11:04:45 PM,cdfw_frpmt,-121.24160800933,37.9067633248017
47,5d86e390-4bfa-45d6-a635-abf204270bdd,19C101552,,Continuous,Post,7/31/2024 2:31:00 PM,7/31/2024 10:20:00 PM,NIST_Thermometer_221949308_(Due,turb_124,24E24012156,5/1/2025 7:00:00 AM,,,,,,spc_1412,2312E37,11/1/2025 7:00:00 AM,5/24/2023 7:00:00 PM,,,,,,,,,,,,,,,,,,,,,,,,rhod_none,,,,fdom_none,,,,0,0,0,,,-0.06,0,,,-0.01,0,,,-0.11,-0.01,,,-0.08,0,,,-0.09,0,,,-0.01,0,124.09,124,1411.4,1412.2,5.3,,,,,,,,,,,,,,20.162,20.187,756.4,,9.09,9.01,100.5,99.4,1.07,20.2,,8/6/2024 11:05:21 PM,cdfw_frpmt,8/6/2024 11:05:21 PM,cdfw_frpmt,-121.241530940206,37.9068431607909
48,1cd52ef7-7a02-4cb6-948d-83a1bb93078b,19C101551,,Continuous,Post,7/31/2024 2:31:00 PM,7/31/2024 11:00:00 PM,NIST_Thermometer_221949308_(Due,turb_124,24E24012156,5/1/2025 7:00:00 AM,,,,,,spc_1412,2312E37,11/1/2025 7:00:00 AM,5/24/2023 7:00:00 PM,,,,,,,,,,,,,,,,,,,,,,,,rhod_none,,,,fdom_none,,,,1,-0.05,0,,,-0.27,0,,,0.02,0,,,0,-0.01,,,0.01,0,,,-0.01,0,,,0.02,0,124.07,124,1407.9,1412,5.27,,,,,,,,,,,,,,20.159,20.132,756.4,,9.04,9.02,99.7,99.5,0.99,20.125,,8/6/2024 11:05:59 PM,cdfw_frpmt,8/6/2024 11:05:59 PM,cdfw_frpmt,-121.241608027024,37.9068731520789
49,6680ebd6-cdd9-46d6-a473-e27ae9804033,18D101027,,Discrete,,7/18/2024 3:26:00 PM,10/1/2024 7:38:00 PM,NIST_Thermometer_221949308_(Due,turb_124,24E24012156,5/1/2025 7:00:00 AM,7/2/2024 7:00:00 PM,,,,,spc_1412,2312E37,11/1/2025 7:00:00 AM,5/24/2023 7:00:00 PM,,,,,,,,,,,,,,,,,,,,,,,,rhod_none,,,,fdom_none,,,,0.2,0.29,0,,,0.79,0,,,0.03,0,,,-0.03,0,,,-0.07,0,,,-0.03,0,,,-0.07,0,0,124,1406.5,1412,5.24,,,,,,,,,,,,,,20.693,20.125,759.3,659,8.86,8.9,99.2,99.5,1.1,21.018,,10/1/2024 10:28:06 PM,cdfw_frpmt,10/1/2024 10:28:06 PM,cdfw_frpmt,-121.241554911722,37.9067473528964
50,6e78c2d4-fedd-49c2-bfd9-53374af0fea3,19C101659,,Discrete,,,10/1/2024 7:18:00 PM,NIST_Thermometer_221949308_(Due,turb_124,24E24012156,5/1/2025 7:00:00 AM,7/2/2024 7:00:00 PM,,,,,spc_1412,2312E37,11/1/2025 7:00:00 AM,7/30/2024 7:00:00 PM,,,,,,,,,,,,,,,,,,,,,,,,rhod_none,,,,fdom_none,,,,0.4,0.08,0,,,0.32,0,,,0.02,0,,,-0.06,0,,,-0.02,0,,,-0.01,0,,,0.03,-0.01,123.91,124,1403.1,1412,5.24,,,,,,,,,,,,,,20.874,21.147,759.3,759,8.74,8.92,98,100.2,1.06,20.923,,10/1/2024 10:39:00 PM,cdfw_frpmt,10/1/2024 10:39:00 PM,cdfw_frpmt,-121.241536071209,37.9067603456772
51,c5e48a15-bb93-40b4-aa75-82e85a69edc1,18D101027,,Discrete,,,10/10/2024 7:03:25 PM,NIST_Thermometer_221949308_(Due,turb_124,24E24012156,5/1/2025 7:00:00 AM,7/2/2024 7:00:00 PM,,,,,spc_1412,2301C75,12/1/2024 8:00:00 AM,5/24/2023 7:00:00 PM,,,,,,,,,,,,,,"pH_7,pH_4,pH_10",4310H23,10/1/2025 7:00:00 AM,6/4/2024 7:00:00 PM,1309L50,3/1/2025 8:00:00 AM,6/4/2024 7:00:00 PM,4310E71,9/1/2025 7:00:00 AM,6/4/2024 7:00:00 PM,rhod_none,,,,fdom_none,,,,0,-0.18,0,,,-0.4,0,,,-0.01,0,,,-0.05,0,,,0.02,0,,,0,0,,,0.08,0,123.45,124,1410.3,1412,5.24,6.92,7,-25.6,9.81,10,-194.4,3.89,3.98,151.6,177.23,59.08,168.77,56.26,20.652,20.661,760.3,760,8.9,9.03,98.8,100.1,1.1,20.4,Changed ph sensor,10/10/2024 7:04:13 PM,cdfw_frpmt,10/10/2024 7:04:13 PM,cdfw_frpmt,-121.241645253669,37.9068244957415
52,fe97d50a-8fa1-4b9b-9074-8833619880ec,19C101659,,Discrete,,,10/10/2024 4:37:00 PM,NIST_Thermometer_221949308_(Due,turb_124,24E24012156,5/1/2025 7:00:00 AM,7/2/2024 7:00:00 PM,,,,,spc_20000,,,,,,,2301C69,12/1/2024 8:00:00 AM,7/18/2024 7:00:00 PM,,,,,,,,"pH_7,pH_4,pH_10",4310H23,10/1/2025 7:00:00 AM,6/4/2024 7:00:00 PM,1309L50,3/1/2025 8:00:00 AM,6/4/2024 7:00:00 PM,4310E71,9/1/2025 7:00:00 AM,6/4/2024 7:00:00 PM,rhod_none,,,,fdom_none,,,,0.1,0.12,0,,,0.34,0,,,0.03,0,,,0.15,0,,,-0.02,0,,,-0.01,0,,,0,0,124.1,124,1409.6,1412,5.25,6.95,7,-27.9,9.82,10,-192.5,3.79,3.95,153.2,181.12,60.37,164.61,54.87,20.641,20.604,760.3,760,8.97,,99.1,100,1.06,20.246,Changed PH sensor,10/10/2024 7:09:30 PM,cdfw_frpmt,10/10/2024 7:09:30 PM,cdfw_frpmt,-121.241641597548,37.9068109899337
53,b0d74a60-b845-453d-90e3-ecb96057aa29,19C101659,,Discrete,,12/10/2024 4:17:00 PM,12/10/2024 4:17:00 PM,"NIST_Thermometer_221949308_(Due,Barometer_210822350",turb_124,24E24012156,5/1/2025 7:00:00 AM,12/10/2024 8:00:00 PM,,,,,spc_10000,,,,2302L74,2/1/2025 8:00:00 AM,12/10/2024 8:00:00 PM,,,,,,,,,,,"pH_7,pH_4,pH_10",4310H23,10/1/2025 7:00:00 AM,6/4/2024 7:00:00 PM,1309L50,3/1/2025 8:00:00 AM,6/4/2024 7:00:00 PM,4310E71,9/1/2025 7:00:00 AM,6/4/2024 7:00:00 PM,rhod_none,,,,fdom_none,,,,2,-0.1,0,,,-0.26,0,,,0.04,0,,,0.11,-0.01,,,0.13,0,,,0.06,0,,,0.22,0,123.06,124.01,9845.7,10000.1,5.35,7.1,7,-28.4,10.04,10,-195.8,3.98,3.97,149.8,178.24,59.41,167.37,55.79,20.083,20.057,770.8,775,9.25,9.26,102,102.1,1.06,20.081,,12/10/2024 7:09:08 PM,cdfw_frpmt,12/10/2024 7:09:08 PM,cdfw_frpmt,-121.241623668933,37.9068204698832
54,dfc70af3-8a5d-48ec-b2ed-581aa9f44505,18D101027,,Discrete,,,12/10/2024 5:24:00 PM,"NIST_Thermometer_221949308_(Due,Barometer_210822350",turb_124,24E24012156,5/1/2025 7:00:00 AM,12/10/2024 8:00:00 PM,,,,,spc_10000,,,,2302L74,2/1/2025 8:00:00 AM,12/10/2024 8:00:00 PM,,,,,,,,,,,"pH_7,pH_4,pH_10",4310H23,10/1/2025 7:00:00 AM,6/4/2024 7:00:00 PM,1309L50,3/1/2025 8:00:00 AM,6/4/2024 7:00:00 PM,4310E71,9/1/2025 7:00:00 AM,6/4/2024 7:00:00 PM,rhod_none,,,,fdom_none,,,,0.1,-0.05,0,,,-0.13,0,,,-0.02,0,,,-0.01,0,,,-0.08,0,,,-0.11,0,,,-0.05,-0.01,123.57,124,9947.3,10000,5.3,7.02,7,-23.8,10,10,-193.6,3.94,3.98,151.7,175.52,58.51,169.79,56.6,20.148,20.172,770.5,775,9.08,9.23,100.3,102.1,1.09,20.194,,12/10/2024 7:19:09 PM,cdfw_frpmt,12/10/2024 7:19:09 PM,cdfw_frpmt,-121.24160061698,37.9068460651117
55,c998382e-debb-4e5f-8801-181f234433a1,19C101659,,Discrete,,1/2/2025 6:10:00 PM,1/2/2025 5:02:00 PM,"NIST_Thermometer_221949308_(Due,Barometer_210822350",turb_124,24E24012156,5/1/2025 7:00:00 AM,12/10/2024 8:00:00 PM,,,,,spc_1412,2301C75,11/1/2025 7:00:00 AM,7/30/2023 7:00:00 PM,,,,,,,,,,,,,,"pH_4,pH_10,pH_7",431OH23,10/1/2025 7:00:00 AM,3/19/2023 7:00:00 PM,1309L50,3/1/2025 8:00:00 AM,6/4/2024 7:00:00 PM,4310E71,9/1/2025 7:00:00 AM,6/4/2024 7:00:00 PM,rhod_none,,,,fdom_none,,,,0.1,-0.09,0,,,-0.39,0,,,-0.06,0,,,-0.2,0,,,-0.07,0,,,-0.05,0,,,-0.27,0.01,124.53,124.01,1453.7,1412,5.2,7.1,7,-30.5,9.99,10,-196.5,4.03,3.97,145.8,176.28,58.76,166.02,55.34,20.975,20.973,765.7,771,9.03,9.04,101.4,101.4,1.06,20.988,,1/2/2025 7:18:54 PM,cdfw_frpmt,1/2/2025 7:18:54 PM,cdfw_frpmt,-121.241517850063,37.9066088224154
56,93781964-d6bd-411a-880f-ae6acd77f2ee,18D101027,,Discrete,,,1/2/2025 5:33:00 PM,"NIST_Thermometer_221949308_(Due,Barometer_210822350",turb_124,24E24012156,5/1/2025 7:00:00 AM,12/10/2024 8:00:00 PM,,,,,spc_1412,2301C75,11/1/2025 7:00:00 AM,7/30/2023 7:00:00 PM,,,,,,,,,,,,,,"pH_4,pH_10,pH_7",431OH23,10/1/2025 7:00:00 AM,3/19/2023 7:00:00 PM,1309L50,3/1/2025 8:00:00 AM,6/4/2024 7:00:00 PM,4310E71,9/1/2025 7:00:00 AM,6/4/2024 7:00:00 PM,rhod_none,,,,fdom_none,,,,0,0.16,0,,,0.59,0,,,0.04,0,,,0.06,-0.02,,,-0.04,0,,,-0.05,0,,,0.09,0,123.89,123.99,1438.8,1412,5.2,7.07,7,-25.9,9.99,10,-194.2,3.99,3.97,151.3,177.21,59.07,168.3,56.1,20.981,20.998,765.4,771,8.98,9.05,100.8,101.5,1.09,21.006,,1/2/2025 7:22:27 PM,cdfw_frpmt,1/2/2025 7:22:27 PM,cdfw_frpmt,-121.241666938431,37.9067779876626
57,7a2feec0-313c-4c4c-b546-be8a855ef0ed,18D101027,,Discrete,,2/4/2025 6:34:00 PM,2/4/2025 6:46:00 PM,"Barometer_210822350,NIST_Thermometer_221949308_(Due",turb_124,24E24012156,5/1/2025 7:00:00 AM,12/10/2024 8:00:00 PM,,,,,spc_10000,,,,2302L74,2/1/2025 8:00:00 AM,,,,,,,,,,,,"pH_7,pH_4,pH_10",4310H23,10/1/2025 7:00:00 AM,6/4/2024 7:00:00 PM,1309L50,3/1/2025 8:00:00 AM,6/4/2024 7:00:00 PM,4310E71,9/1/2025 7:00:00 AM,6/4/2024 7:00:00 PM,rhod_none,,,,fdom_none,,,,0.1,-0.21,0,,,-0.66,0,,,-0.01,0,,,0.07,0,,,-0.05,0,,,-0.07,0,,,-0.13,-0.01,124.33,124,9921.2,10000.2,5.24,7.12,7,-29.6,10.01,10,-197.3,4.06,3.97,147.6,177.21,59.07,167.67,55.89,22.539,22.566,750.4,757,8.49,8.61,98.2,99.7,1.1,22.571,Redid fdom/TALPC values with new cover due to barnacle shells growing on cover,2/4/2025 11:16:17 PM,cdfw_frpmt,2/4/2025 11:16:17 PM,cdfw_frpmt,-121.241621213293,37.9067993389018
58,f71b10aa-54f7-41a6-8327-9b3e8df4c990,19C101659,,Discrete,,2/4/2025 6:34:00 PM,2/4/2025 6:33:00 PM,"Barometer_210822350,NIST_Thermometer_221949308_(Due",turb_124,24E24012156,5/1/2025 7:00:00 AM,12/10/2024 8:00:00 PM,,,,,spc_10000,,,,2302L74,2/1/2025 8:00:00 AM,,,,,,,,,,,,"pH_7,pH_4,pH_10",4310H23,10/1/2025 7:00:00 AM,6/4/2024 7:00:00 PM,1309L50,3/1/2025 8:00:00 AM,6/4/2024 7:00:00 PM,4310E71,9/1/2025 7:00:00 AM,6/4/2024 7:00:00 PM,rhod_none,,,,fdom_none,,,,0,-0.03,0,,,-0.05,0,,,0,0,,,-0.02,-0.01,,,-0.01,0,,,0,0,,,0.01,0.01,123.68,124,9842.9,10000,5.28,6.98,7,-26.1,9.89,10,-193.8,3.89,3.97,151.9,178.07,59.36,167.71,55.9,22.531,22.509,750.4,757,8.47,8.65,97.9,100,1.07,22.532,,2/4/2025 11:16:36 PM,cdfw_frpmt,2/4/2025 11:16:36 PM,cdfw_frpmt,-121.241591569575,37.906756633328
59,1daababa-c05c-4a4c-878e-3c42635ef86a,19C101658,,Discrete,,2/4/2025 6:34:00 PM,2/4/2025 6:45:00 PM,"Barometer_210822350,NIST_Thermometer_221949308_(Due",turb_124,24E24012156,5/1/2025 7:00:00 AM,12/10/2024 8:00:00 PM,,,,,spc_10000,,,,2302L74,2/1/2025 8:00:00 AM,,,,,,,,,,,,"pH_7,pH_4,pH_10",4310H23,10/1/2025 7:00:00 AM,6/4/2024 7:00:00 PM,1309L50,3/1/2025 8:00:00 AM,6/4/2024 7:00:00 PM,4310E71,9/1/2025 7:00:00 AM,6/4/2024 7:00:00 PM,rhod_none,,,,fdom_none,,,,0,0.17,0,,,0.81,-0.01,,,-0.1,0,,,-0.58,0,,,-0.34,0,,,-0.33,0,,,1.22,0,110.1,124,9922.2,10000,0.47,,,,,,,,,,,,,,22.554,22.581,750.4,757,8.71,8.64,100.8,100.1,1.08,22.584,No ph probe,2/4/2025 11:21:03 PM,cdfw_frpmt,2/4/2025 11:21:03 PM,cdfw_frpmt,-121.241628764472,37.9068080152526
60,81527854-de76-476e-9b2f-796dc7afc6af,19C101659,,Discrete,,,2/13/2025 4:58:00 PM,other,,,,,,,,,spc_1412,2312E37,11/1/2025 7:00:00 AM,7/30/2024 7:00:00 PM,,,,,,,,,,,,,,,,,,,,,,,,,,,,,,,,0.1,,,,,,,,,,,,,,,,,,,,,,,,,,,,,1462.2,1412.1,5.1,,,,,,,,,,,,,,,,,,,,,,,,Conductivity only for fresher site,2/13/2025 6:07:29 PM,cdfw_frpmt,2/13/2025 6:07:29 PM,cdfw_frpmt,-121.241596459108,37.9068097446155
61,74a85ff9-a3db-4cdc-8961-389d0390a53f,18D101027,,Discrete,,,2/13/2025 6:10:00 PM,other,,,,,,,,,spc_1412,2312E37,11/1/2025 7:00:00 AM,7/30/2024 7:00:00 PM,,,,,,,,,,,,,,,,,,,,,,,,,,,,,,,,0.1,,,,,,,,,,,,,,,,,,,,,,,,,,,,,1450.2,1412.3,5.11,,,,,,,,,,,,,,,,,,,,,,,,Conductivity only for fresher site,2/13/2025 6:17:40 PM,cdfw_frpmt,2/13/2025 6:17:40 PM,cdfw_frpmt,-121.241644357353,37.9067687000804
62,290346f7-4022-4bb3-ab35-b432be102107,19C101659,,Discrete,,,3/11/2025 6:48:00 PM,"NIST_Thermometer_221949308_(Due,Barometer_210822350",turb_124,24E24012156,5/1/2025 7:00:00 AM,12/10/2024 8:00:00 PM,,,,,spc_10000,,,,2302L74,2/1/2025 8:00:00 AM,,,,,,,,,,,,"pH_7,pH_4,pH_10",4310H23,10/1/2025 7:00:00 AM,3/19/2023 7:00:00 PM,1309L50,3/1/2025 8:00:00 AM,3/19/2023 7:00:00 PM,4310E71,9/1/2025 7:00:00 AM,4/2/2023 7:00:00 PM,,,,,,,,,0,-0.01,0,,,-0.04,0,,,0.01,0,,,0,0.01,,,0.02,0,,,0.04,0,,,-0.05,-0.01,124.31,124.01,9743.8,99999.9,5.23,7.8,7,-33.2,10.09,10,-199.6,4.11,3.97,143.1,176.33,58.78,166.35,55.45,19042,19.071,754.4,761,9.3,9.25,100.5,100,1.07,19.092,Have orange bar indicated probe alarm,3/12/2025 3:49:21 PM,cdfw_frpmt,3/12/2025 3:49:21 PM,cdfw_frpmt,-121.24154491789,37.9067616577953
63,48da4543-b628-43c5-942c-94c38c9dcb41,18D101027,,Discrete,,,3/11/2025 6:58:00 PM,"NIST_Thermometer_221949308_(Due,Barometer_210822350",turb_124,24E24012156,5/1/2025 7:00:00 AM,12/10/2024 8:00:00 PM,,,,,spc_10000,,,,2302L74,2/1/2025 8:00:00 AM,,,,,,,,,,,,"pH_7,pH_4,pH_10",4310H23,10/1/2025 7:00:00 AM,3/19/2023 7:00:00 PM,1309L50,3/1/2025 8:00:00 AM,3/19/2023 7:00:00 PM,4310E71,9/1/2025 7:00:00 AM,4/2/2023 7:00:00 PM,,,,,,,,,-0.1,0.12,0,,,0.36,0,,,0.04,0,,,0,-0.01,,,0.05,0.01,,,0.08,0,,,0.06,0,123.84,124,9754.4,10000.1,5.23,7.15,7,-35.3,9.97,10,-196.9,4.05,3.95,142.7,178.05,59.35,161.64,53.88,19.054,19.054,754.6,761,9.49,9.25,102.6,100,1.09,19.087,Red flag alarm was showing while doing the DO/temp cal,3/12/2025 3:49:35 PM,cdfw_frpmt,3/12/2025 3:49:35 PM,cdfw_frpmt,-121.241577486265,37.9068337389423
64,10ebc0b5-ed50-44f2-94f9-6a833f64d124,18D101027,,Discrete,,,3/17/2025 8:37:00 PM,other,,,,,,,,,,,,,,,,,,,,,,,,,,,,,,,,,,,,,,,,,,,,,,,,,,,,,,,,,,,,,,,,,,,,,,,,,1412.7,1412,5.23,,,,,,,,,,,,,,,,,,,,,,,,"Re-Cal SPC 10,000 to 1412 standard",3/17/2025 8:50:58 PM,cdfw_frpmt,3/17/2025 8:50:58 PM,cdfw_frpmt,-121.241533865224,37.9068065078057
65,f235db8e-6d6b-486f-8f98-1596dbf01fc6,19C101658,,Discrete,,,3/17/2025 8:51:00 PM,other,,,,,,,,,,,,,,,,,,,,,,,,,,,,,,,,,,,,,,,,,,,,,,,,,,,,,,,,,,,,,,,,,,,,,,,,,1413.5,1412,0.47,,,,,,,,,,,,,,,,,,,,,,,,"Re-Cal SPC 10,000 to1412 in standard",3/17/2025 8:58:09 PM,cdfw_frpmt,3/17/2025 8:58:09 PM,cdfw_frpmt,-121.241600100582,37.9068274559821
66,871611e2-7a44-49ec-8a43-69a2e020dadd,19C101659,,Discrete,,,3/17/2025 9:00:00 PM,other,,,,,,,,,,,,,,,,,,,,,,,,,,,,,,,,,,,,,,,,,,,,,,,,,,,,,,,,,,,,,,,,,,,,,,,,,1408,1412,5.25,,,,,,,,,,,,,,,,,,,,,,,,"Re-Cal SPC 10,000 to 1412 in standard",3/17/2025 9:05:53 PM,cdfw_frpmt,3/17/2025 9:05:53 PM,cdfw_frpmt,-121.24165726386,37.9068456884083
67,0371126f-887a-4df9-be46-7d4d80193a90,19C101659,,Discrete,,,4/1/2025 6:19:00 PM,"NIST_Thermometer_221949308_(Due,Barometer_210822350",turb_124,24E24012288,5/1/2025 7:00:00 AM,4/1/2025 7:00:00 PM,,,,,spc_1412,4401G04,12/1/2025 8:00:00 AM,4/1/2025 7:00:00 PM,,,,,,,,,,,,,,"pH_7,pH_4,pH_10",4310H23,10/1/2025 7:00:00 AM,6/4/2024 7:00:00 PM,1309L50,3/1/2025 8:00:00 AM,6/4/2024 7:00:00 PM,4310E71,9/1/2025 7:00:00 AM,6/4/2024 7:00:00 PM,rhod_none,,,,fdom_none,,,,0.1,0,0,,,-0.07,0,,,0,0,,,0.01,0.01,,,-0.01,0,,,-0.04,0,,,0,0,124.1,124,1397.1,1412,0.1,7.06,7.02,-33.4,9.92,10,-198.2,3.97,4,144.9,178.35,59.5,164.73,54.38,21.012,21.03,758.3,765,8.85,8.9,99.3,100,1.06,21.037,,5/5/2025 4:02:32 PM,cdfw_frpmt,5/5/2025 4:02:32 PM,cdfw_frpmt,-121.24158574764,37.9067992561411
68,5c100bc1-30d7-41cd-9373-104821499402,19C101659,,Discrete,,,4/21/2025 7:44:00 PM,"Barometer_210822350,NIST_Thermometer_221949308_(Due",turb_124,24E24012288,5/1/2025 7:00:00 AM,4/1/2025 7:00:00 PM,,,,,spc_1412,4401G04,12/1/2025 8:00:00 AM,4/10/2025 7:00:00 PM,,,,,,,,,,,,,,"pH_7,pH_4,pH_10",4310H23,10/1/2025 7:00:00 AM,6/4/2024 7:00:00 PM,1309L50,3/1/2025 8:00:00 AM,6/4/2024 7:00:00 PM,4310E71,9/1/2025 7:00:00 AM,6/4/2024 7:00:00 PM,rhod_none,,,,fdom_none,,,,0.2,0.26,0,,,0.84,0,,,0.01,0,,,0.07,0.01,,,0.01,0,,,0,0,,,0.3,0,124.58,124,1428.5,1412,5.24,7.06,7.02,-31,10.01,10.02,-198.1,3.89,4,148.3,179.2,59.37,167.15,55.08,19.861,19.865,757.8,654,9.02,9.11,99,100.2,1.05,19.865,,5/5/2025 4:02:32 PM,cdfw_frpmt,5/5/2025 4:02:32 PM,cdfw_frpmt,-121.241587977599,37.9068218635985
69,023b463b-ad47-460f-ad42-e9a3e9856e48,19C101658,,Discrete,,,4/21/2025 7:45:00 PM,"NIST_Thermometer_221949308_(Due,Barometer_210822350",,,,,,,,,,,,,,,,,,,,,,,,,,,,,,,,,,,,,,,,fdom_none,,,,0,-0.01,0,,,0.21,-0.01,,,0.06,0,,,0.23,0,,,0.09,0,,,0.06,0,,,-0.06,0,121.87,124,1399,1412,0.47,,,,,,,,,,,,,,19.854,19.862,757.9,764,9.1,9.11,99.9,99.9,1.06,19.871,,5/5/2025 4:02:40 PM,cdfw_frpmt,5/5/2025 4:02:40 PM,cdfw_frpmt,-121.241625358618,37.9068297213442
70,0401f3b5-7c62-43b2-b009-2607159417b6,18D101027,,Discrete,,,4/21/2025 7:29:00 PM,"Barometer_210822350,NIST_Thermometer_221949308_(Due",turb_124,24E24012288,5/1/2025 7:00:00 AM,4/1/2025 7:00:00 PM,,,,,spc_1412,4401G04,12/1/2025 8:00:00 AM,4/10/2025 7:00:00 PM,,,,,,,,,,,,,,"pH_7,pH_4,pH_10",4310H23,10/1/2025 7:00:00 AM,6/4/2024 7:00:00 PM,1309L50,3/1/2025 8:00:00 AM,6/4/2024 7:00:00 PM,4310E71,9/1/2025 7:00:00 AM,6/4/2024 7:00:00 PM,rhod_none,,,,fdom_none,,,,0.2,0.49,0,,,1.27,0,,,0.01,0,,,0.06,0.01,,,0.09,0.01,,,0.06,0,,,0.69,-0.01,124.06,124,1416.8,1412,5.23,7.26,7.02,-42.2,10.02,9.98,-199.9,4.08,4,139.4,181.63,60.15,157.74,51.98,19.865,19.901,757.9,764,9.11,9.09,100.1,99.9,1.09,19.916,,5/5/2025 4:02:49 PM,cdfw_frpmt,5/5/2025 4:02:49 PM,cdfw_frpmt,-121.241867544599,37.9065902074686
71,6c855454-b21b-43c5-804c-d9dd2cd09447,18D101027,,Discrete,,,4/1/2025 2:54:00 PM,"NIST_Thermometer_221949308_(Due,Barometer_210822350",turb_124,24E24012288,5/1/2025 7:00:00 AM,4/1/2025 7:00:00 PM,,,,,spc_1412,4401G04,12/1/2025 8:00:00 AM,4/1/2025 7:00:00 PM,,,,,,,,,,,,,,"pH_7,pH_4,pH_10",4310H23,10/1/2025 7:00:00 AM,6/4/2024 7:00:00 PM,1309L50,3/1/2025 8:00:00 AM,6/4/2024 7:00:00 PM,4310E71,9/1/2025 7:00:00 AM,6/4/2024 7:00:00 PM,rhod_none,,,,fdom_none,,,,0.2,-0.08,0,,,-0.21,0,,,0.02,-0.01,,,-0.01,-0.01,,,0.02,0,,,0.02,0,,,-0.01,0,124.68,124,1406.3,1412,5.25,7.12,7,-34.8,9.96,9.99,-198.4,3.98,4,146.9,181.68,60.18,163.6,54.01,21.075,21.05,758.3,765,8.92,8.89,100.3,100.1,1.09,21.09,,5/5/2025 4:02:56 PM,cdfw_frpmt,5/5/2025 4:02:56 PM,cdfw_frpmt,-121.241884143237,37.9065588503577
72,43e4a3c8-c57d-4c46-872f-a448ca856499,19C101659,,Discrete,,,12/10/2024 4:17:00 PM,"NIST_Thermometer_221949308_(Due,Barometer_210822350",turb_124,24E24012156,5/1/2025 7:00:00 AM,12/10/2024 8:00:00 PM,,,,,spc_10000,,,,2302L74,2/1/2025 8:00:00 AM,12/10/2024 8:00:00 PM,,,,,,,,,,,"pH_7,pH_4,pH_10",4310H23,10/1/2025 7:00:00 AM,6/4/2024 7:00:00 PM,1309L50,3/1/2025 8:00:00 AM,6/4/2024 7:00:00 PM,4310E71,9/1/2025 7:00:00 AM,6/4/2024 7:00:00 PM,rhod_none,,,,fdom_none,,,,2,-0.1,0,,,-0.26,0,,,0.04,0,,,0.11,-0.01,,,0.13,0,,,0.06,0,,,0.22,0,123.06,124.01,9845.7,10000,5.35,7.1,7,-28.4,10.4,10,-195.8,3.98,3.97,149.8,178.24,59.41,167.37,55.79,20.083,20.057,770.8,775,9.25,9.26,102,102.1,1.06,20.081,,5/5/2025 4:03:03 PM,cdfw_frpmt,5/5/2025 4:03:03 PM,cdfw_frpmt,-121.241594567071,37.9068027751266
73,48b22b97-1428-4f4c-8269-6c4c120483e3,19C101658,,Discrete,,,5/5/2025 4:05:00 PM,"NIST_Thermometer_221949308_(Due,Barometer_210822350",turb_124,24E24012288,5/1/2025 7:00:00 AM,4/1/2025 7:00:00 PM,,,,,spc_1412,4401G04,12/1/2025 8:00:00 AM,4/20/2023 7:00:00 PM,,,,,,,,,,,,,,"pH_10,pH_4,pH_7",4310H23,10/1/2025 7:00:00 AM,6/4/2024 7:00:00 PM,1309L50,3/1/2025 8:00:00 AM,6/4/2024 7:00:00 PM,4310E71,9/1/2025 7:00:00 AM,6/4/2024 7:00:00 PM,rhod_none,,,,fdom_none,,,,0,-0.06,0,,,-0.32,0,,,0.05,0,,,0.21,0,,,0.17,0,,,0.21,0,,,-0.02,0,124.11,124,1415.4,1412,0.47,6.9,7.02,-29.1,9.91,10.05,-201.8,3.85,4,145.1,174.26,57.74,172.7,56.94,20.326,20.316,754.7,761.5,8.93,9.05,98.9,100.1,1.07,20.302,,5/5/2025 6:25:44 PM,cdfw_frpmt,5/5/2025 6:25:44 PM,cdfw_frpmt,-121.241837725841,37.906576684284
74,5868abd9-8100-4d8c-963f-5892686a0cc6,18D101027,,Discrete,,,5/5/2025 4:24:00 PM,"NIST_Thermometer_221949308_(Due,Barometer_210822350",turb_124,24E24012288,5/1/2025 7:00:00 AM,4/1/2025 7:00:00 PM,,,,,spc_1412,4401G04,12/1/2025 8:00:00 AM,4/20/2023 7:00:00 PM,,,,,,,,,,,,,,"pH_10,pH_4,pH_7",4310H23,10/1/2025 7:00:00 AM,6/4/2024 7:00:00 PM,1309L50,3/1/2025 8:00:00 AM,6/4/2024 7:00:00 PM,4310E71,9/1/2025 7:00:00 AM,6/4/2024 7:00:00 PM,rhod_none,,,,fdom_none,,,,0,-0.5,0,,,-1.29,0,,,0.01,0,,,-0.13,0.01,,,-0.02,0,,,-0.03,0,,,-0.59,0,124.05,124.01,1378.7,1412,5.36,7.12,7.02,-39.6,10.02,10,140.3,3.92,4,-202.6,179.89,59.62,163.1,53.83,20.269,20.269,754.6,761.5,8.95,9.03,98.9,99.8,1.1,20.279,,5/5/2025 6:31:57 PM,cdfw_frpmt,5/5/2025 6:31:57 PM,cdfw_frpmt,-121.241612363222,37.9067748032604
75,2a0d1ccc-2179-41d1-aa56-b5c8bface131,19C101658,,Discrete,,,4/11/2025 8:22:00 PM,other,turb_124,24K24016066,10/1/2025 7:00:00 AM,,,,,,spc_other,,,,,,,,,,,,,5000,1501K32,1/1/2027 8:00:00 AM,,,,,,,,,,,,rhod_none,,,,fdom_none,,,,0,-0.25,-0.25,,,-0.62,-0.62,,,0.02,0.02,,,0.01,0.01,,,0.06,0.06,,,0.07,0.07,,,-1.31,0.01,126.83,124.01,5025.9,5000.1,0.47,,,,,,,,,,,,,,20.24,20.27,760,,,9.03,100.8,100,1.06,20.363,Calibration performed at DWR FRP lab. pH not present on sonde. All fluorescent parameters checked in DI water only.,5/13/2025 3:21:31 PM,cdfw_frpmt,5/13/2025 3:21:31 PM,cdfw_frpmt,-121.241850023341,37.9065530520237
76,8674c1c6-dc42-4795-8eb1-bb8853e7eb43,18D101027,,Discrete,,,5/14/2025 8:56:00 PM,"NIST_Thermometer_221949308_(Due,Barometer_210822350",turb_124,24E24012288,5/1/2025 7:00:00 AM,4/1/2025 7:00:00 PM,,,,,spc_10000,,,,2309F64,8/1/2025 7:00:00 AM,5/14/2025 7:00:00 PM,,,,,,,,,,,"pH_7,pH_4,pH_10",4310H23,10/1/2025 7:00:00 AM,6/4/2024 7:00:00 PM,1502C19,8/1/2026 7:00:00 AM,5/14/2025 7:00:00 PM,4310E71,9/1/2025 7:00:00 AM,6/4/2024 7:00:00 PM,rhod_none,,,,fdom_none,,,,0,-0.03,,,,-0.14,,,,-0.02,,,,0.02,,,,0,,,,0.04,,,,-0.01,-0.01,123.87,124,10278.3,9999.8,5.22,7.02,7.02,-33.5,10.01,10.02,-203.6,3.88,4,144.6,178.01,59,170.13,56.13,19.851,19.867,767,767,,9.2,99.9,101,1.1,19.872,Calibrated barometer on handhelds. Calibrated depth,5/14/2025 9:51:36 PM,cdfw_frpmt,5/14/2025 9:51:36 PM,cdfw_frpmt,-121.241665350115,37.9069206777367
77,fb678afc-d171-4368-b11a-f2de8df82c3d,19C101658,,Discrete,,,5/14/2025 9:56:00 PM,"NIST_Thermometer_221949308_(Due,Barometer_210822350",turb_124,24E24012288,5/1/2025 7:00:00 AM,4/1/2025 7:00:00 PM,,,,,spc_10000,,,,2309F64,8/1/2025 7:00:00 AM,5/14/2025 7:00:00 PM,,,,,,,,,,,"pH_7,pH_4,pH_10",4310H23,10/1/2025 7:00:00 AM,6/4/2024 7:00:00 PM,1502C19,8/1/2025 7:00:00 AM,5/14/2025 7:00:00 PM,4310E71,9/1/2025 7:00:00 AM,6/4/2024 7:00:00 PM,rhod_none,,,,fdom_none,,,,0,-0.1,,,,-0.26,,,,0.04,,,,0.29,0.03,,,0.02,,,,0.02,,,,0.42,0.01,123.4,124,10026.8,10000.1,0.47,7.17,7.02,-36.7,10.09,10.01,-204.5,4.02,4,143.7,180.41,59.79,167.8,55.31,19.709,19.724,766.8,766.5,7.37,9.22,80.7,100.8,1.25,19.727,Replaced DO cap s/n 20E101562 lot 20E100516,5/14/2025 10:54:08 PM,cdfw_frpmt,5/14/2025 10:54:08 PM,cdfw_frpmt,-121.241627630153,37.906811393573
