ObjectID,GlobalID,Sonde ID,Other SondeID,Discrete or Continuous Deployment,Pre- or Post-Deployment,Deployment Start/Stop Time,Calibration Date and Time,Verification Instruments,Which Turbidity standard?,Lot #,Expiration Date,Open Date,Turbidity Standard concentration,Lot #,Expiration Date,Open Date,Which SPC standard?,Lot #,Expiration Date,Open Date,Lot #,Expiration Date,Open Date,Lot #,Expiration Date,Open Date,Lot #,Expiration Date,Open Date,SpC Standard concentration,Lot #,Expiration Date,Open Date,Which pH standard?,Lot #,Expiration Date,Open Date,Lot #,Expiration Date,Open Date,Lot #,Expiration Date,Open Date,Which Rhodamine standard?,Lot #,Expiration Date,Open Date,Which fDOM standard?,Lot #,Expiration Date,Open Date,Specific Conductivity in Air,fDOM in DI (pre-cal),fDOM in DI (post-cal),fDOM in 300 QSU (pre-cal),fDOM in 300 QSU (post-cal),Chl in DI (pre-cal),Chl in DI (post-cal),Chl in rhodamine (pre-cal),Chl in rhodamine (post-cal),PC in DI (pre-cal),PC in DI (post-cal),PC in rhodamine (pre-cal),PC in rhodamine (post-cal),Turbidity in DI (pre-cal),Turbidity in DI (post-cal),Turbidity in standard (pre-cal),Turbidity in standard (post-cal),SpC in standard (pre-cal),SpC in standard (post-cal),SpC cell constant,pH in 7 (pre-cal),pH in 7 (post-cal),pH in 7 voltage,pH in 10 (pre-cal),pH in 10 (post-cal),pH in 10 voltage,pH in 4 (pre-cal),pH in 4 (post-cal),pH in 4 voltage,Delta slope (4 to 7),Delta slope (4 to 7),Delta slope (7 to 10),Delta slope (7 to 10),Temperature (NIST),Temperature (sonde),DO (pre-cal),DO (post-cal),DO (concentration post-cal),DO gain,Temperature during DO calibration,Pressure from handheld,Pressure from barometer,CreationDate,Creator,EditDate,Editor,Notes,x,y
1,af9dc39f-ad51-4fce-8526-828fc07a3450,19C101552,,Continuous,Pre,11/30/2021 8:06:00 PM,11/29/2021 8:26:00 PM,Turbidimeter,turb_other,,,,124.8,A1194,7/1/2023 7:00:00 PM,11/29/2021 7:00:00 PM,spc_other,,,,,,,,,,,,,1413,1413B - DWR 28698,12/1/2022 7:00:00 PM,11/29/2021 7:00:00 PM,,,,,,,,,,,rhod_none,,,,fdom_none,,,,,0.08,0,,,0,0,,,-0.38,0,,,-0.03,0,124.8,124.7,1394.2,1413,,,,,,,,,,,,,,,,,101.8,100.5,,,,763.5,,7/5/2023 4:52:31 PM,cdfw_frpmt,7/6/2023 8:24:42 PM,cdfw_frpmt,Factory reset of PC sensor (RFU channel),0,0
2,2495db73-6c03-447a-8121-867348d3acab,19C101551,,Continuous,Pre,12/30/2021 5:05:00 PM,12/29/2021 7:14:00 PM,Turbidimeter,turb_other,,,,101,A1194,7/1/2023 7:00:00 PM,12/29/2021 7:00:00 PM,spc_other,,,,,,,,,,,,,1413,1413C - DWR 28698,12/1/2022 7:00:00 PM,12/29/2021 7:00:00 PM,,,,,,,,,,,rhod_none,,,,fdom_none,,,,,-0.04,0,,,0,0,,,-0.01,0,,,0.06,0,101.3,101.01,1422.8,1413,,,,,,,,,,,,,,,,,101.1,99.4,,1.04,,754.8,,7/5/2023 5:09:14 PM,cdfw_frpmt,7/6/2023 8:26:54 PM,cdfw_frpmt,,0,0
3,6932f6a4-5dde-40d6-81e6-84caec743fc0,19C101552,,Continuous,Post,1/27/2022 4:59:00 PM,1/28/2022 12:22:00 AM,Turbidimeter,turb_other,,,,97.46,A1194,7/1/2023 7:00:00 PM,1/27/2022 7:00:00 PM,spc_other,,,,,,,,,,,,,1413,1413C - DWR 28698,12/1/2022 7:00:00 PM,1/24/2022 7:00:00 PM,,,,,,,,,,,rhod_none,,,,fdom_none,,,,,-0.09,0,,,0.04,0,,,-0.16,0,,,-0.19,,,,1420.1,1413,,,,,,,,,,,,,,,,,101.3,100.7,,1.01,,765.7,,7/5/2023 8:31:46 PM,cdfw_frpmt,7/6/2023 8:27:26 PM,cdfw_frpmt,Did not have wiper brush on; Accidentally performed zero-point calibration with turbidity first - after was 0.00/0.01 and 99.26/97.47,0,0
4,5aee6612-bca8-446f-824c-d008225d64f9,19C101551,,Continuous,Post,1/27/2022 6:29:00 PM,1/27/2022 11:50:00 PM,Turbidimeter,turb_other,,,,97.46,A1194,7/1/2023 7:00:00 PM,1/27/2022 7:00:00 PM,spc_other,,,,,,,,,,,,,1413,1413C - DWR 28698,12/1/2022 7:00:00 PM,1/24/2022 7:00:00 PM,,,,,,,,,,,rhod_none,,,,fdom_none,,,,,0.03,0,,,-0.02,0,,,-0.03,0,,,-0.15,0,97.68,97.45,1412,1413,,,,,,,,,,,,,,,,,99.9,100,,1.04,,765.7,,7/5/2023 8:38:40 PM,cdfw_frpmt,7/5/2023 10:11:06 PM,cdfw_frpmt,,0,0
5,1661beaa-6f86-4c7c-8a12-c1a7f0d8e06a,19C101554,,Continuous,Pre,1/27/2022 7:06:00 PM,1/26/2022 6:09:00 PM,Turbidimeter,turb_other,,,,102.1,A1194,7/1/2023 7:00:00 PM,1/26/2022 7:00:00 PM,spc_other,,,,,,,,,,,,,1413,1413C - DWR 28698,12/1/2022 7:00:00 PM,1/24/2022 7:00:00 PM,,,,,,,,,,,rhod_none,,,,fdom_none,,,,,0.02,0,,,-0.01,0,,,-0.03,0,,,-0.03,0,101.48,102.11,1408.8,1413,,,,,,,,,,,,,,,,,100.4,100.7,,1.05,,765.9,,7/5/2023 8:46:02 PM,cdfw_frpmt,7/5/2023 10:12:09 PM,cdfw_frpmt,,0,0
6,07bee338-000a-474d-8625-5523c10e28ae,19C101553,,Continuous,Pre,1/27/2022 5:01:00 PM,1/26/2022 5:51:00 PM,Turbidimeter,turb_other,,,,102.1,A1194,7/1/2023 7:00:00 PM,1/26/2022 7:00:00 PM,spc_other,,,,,,,,,,,,,1413,1413C - DWR 28698,12/1/2022 7:00:00 PM,1/24/2022 7:00:00 PM,,,,,,,,,,,rhod_none,,,,fdom_none,,,,,0.11,0,,,0.02,0,,,0.01,0,,,-0.06,0,102.83,102.09,1412.9,1413,,,,,,,,,,,,,,,,,99.9,100.7,,1.03,,765.9,,7/5/2023 8:53:13 PM,cdfw_frpmt,7/5/2023 10:12:33 PM,cdfw_frpmt,,0,0
7,56dc2512-06f7-4b53-8724-002e0af79896,19C101552,,Continuous,Pre,3/1/2022 9:15:00 PM,3/1/2022 12:50:00 AM,Turbidimeter,turb_other,,,,106,A1194,7/1/2023 7:00:00 PM,2/28/2022 7:00:00 PM,spc_other,,,,,,,,,,,,,1413,1413C - DWR 28698,12/1/2022 7:00:00 PM,1/24/2022 7:00:00 PM,,,,,,,,,,,rhod_none,,,,fdom_none,,,,,0.04,0,,,-0.03,0,,,0.03,0,,,0.14,0,106.13,105.99,1361.2,1413,,,,,,,,,,,,,,,,,100.7,100.9,,1.01,,765,,7/5/2023 9:00:18 PM,cdfw_frpmt,7/6/2023 8:19:40 PM,cdfw_frpmt,SPC channel was factory reset (was 1420 like previous calibration),0,0
8,f2ba3d76-6587-4caf-8f29-d3d096ef8918,19C101551,,Continuous,Pre,3/1/2022 10:56:00 PM,3/1/2022 12:35:00 AM,Turbidimeter,turb_other,,,,106,A1194,7/1/2023 7:00:00 PM,2/28/2022 7:00:00 PM,spc_other,,,,,,,,,,,,,1413,1413C - DWR 28698,12/1/2022 7:00:00 PM,1/24/2022 7:00:00 PM,,,,,,,,,,,rhod_none,,,,fdom_none,,,,,0.03,0,,,0.04,0,,,0.03,0,,,0.1,0,105.92,106,1410.9,1413,,,,,,,,,,,,,,,,,100.1,100.7,,1.05,,765.1,,7/5/2023 9:05:22 PM,cdfw_frpmt,7/5/2023 10:13:37 PM,cdfw_frpmt,,0,0
9,bfc31470-21a1-4b5f-8985-f70ff34d3f96,19C101553,,Continuous,Post,3/1/2022 8:30:00 PM,3/2/2022 7:43:00 PM,Turbidimeter,turb_other,,,,100.8,A1194,7/1/2023 7:00:00 PM,3/2/2022 7:00:00 PM,spc_other,,,,,,,,,,,,,1413,1413C - DWR 28698,12/1/2022 7:00:00 PM,1/24/2022 7:00:00 PM,,,,,,,,,,,rhod_none,,,,fdom_none,,,,,-0.1,0,,,0,0,,,-0.03,0,,,0,0,100.94,100.8,1408.5,1413,,,,,,,,,,,,,,,,,100.8,100.3,,1.02,,762.5,,7/5/2023 9:15:33 PM,cdfw_frpmt,7/5/2023 10:14:28 PM,cdfw_frpmt,,0,0
10,79b6249e-1f6c-4ccc-8f12-68937692348d,19C101554,,Continuous,Post,3/1/2022 10:15:00 PM,3/2/2022 8:06:00 PM,Turbidimeter,turb_other,,,,100.8,A1194,7/1/2023 7:00:00 PM,3/2/2022 7:00:00 PM,spc_other,,,,,,,,,,,,,1413,1413C - DWR 28698,12/1/2022 7:00:00 PM,1/24/2022 7:00:00 PM,,,,,,,,,,,rhod_none,,,,fdom_none,,,,,-0.08,0,,,0,0,,,-0.05,0,,,-0.15,0,100.78,100.8,1412.7,1413,,,,,,,,,,,,,,,,,100.5,100.4,,1.05,,762.5,,7/5/2023 9:19:51 PM,cdfw_frpmt,7/5/2023 10:14:48 PM,cdfw_frpmt,,0,0
11,b7523f48-b4c5-4395-8bdc-5cf010bcf1bf,19C101552,,Continuous,Post,3/29/2022 7:15:00 PM,3/30/2022 9:51:00 PM,Turbidimeter,turb_other,,,,97.59,A1194,7/1/2023 7:00:00 PM,3/30/2022 7:00:00 PM,spc_other,,,,,,,,,,,,,1413,Oakton #CC21863,10/1/2022 7:00:00 PM,3/30/2022 7:00:00 PM,,,,,,,,,,,rhod_none,,,,fdom_none,,,,,-0.04,0,,,0.04,0,,,0.03,0,,,-0.1,0,96.47,97.68,1417,1413,,,,,,,,,,,,,,,,,99.6,100.2,,1.02,,761.5,,7/5/2023 9:26:03 PM,cdfw_frpmt,7/5/2023 10:15:28 PM,cdfw_frpmt,,0,0
12,82d6282f-8bfc-4b9a-82e0-02d7d2998e77,19C101551,,Continuous,Post,3/29/2022 8:40:00 PM,3/30/2022 9:36:00 PM,Turbidimeter,turb_other,,,,97.59,A1194,7/1/2023 7:00:00 PM,3/30/2022 7:00:00 PM,spc_other,,,,,,,,,,,,,1413,Oakton #CC21863,10/1/2022 7:00:00 PM,3/30/2022 7:00:00 PM,,,,,,,,,,,rhod_none,,,,fdom_none,,,,,-0.02,0,,,-0.02,0,,,-0.06,0,,,0.02,0,96.85,97.59,1425.7,1413,,,,,,,,,,,,,,,,,99.9,100.2,,1.05,,761.5,,7/5/2023 9:30:17 PM,cdfw_frpmt,7/5/2023 10:15:55 PM,cdfw_frpmt,,0,0
13,526a66fe-7683-4b53-8c43-27d146e39df8,19C101553,,Continuous,Pre,3/29/2022 10:40:00 PM,3/28/2022 11:23:00 PM,Turbidimeter,turb_other,,,,94.5,A1194,7/1/2023 7:00:00 PM,3/28/2022 7:00:00 PM,spc_other,,,,,,,,,,,,,12890,VWR A8215,2/1/2020 7:00:00 PM,3/28/2022 7:00:00 PM,,,,,,,,,,,rhod_none,,,,fdom_none,,,,,-0.02,0,,,0,0,,,-0.01,0,,,0,0,95.06,94.5,13045.1,12890,,,,,,,,,,,,,,,,,99.1,99.2,,1.02,,753.9,,7/5/2023 9:39:21 PM,cdfw_frpmt,7/5/2023 10:16:27 PM,cdfw_frpmt,,0,0
14,98b58f5a-fce3-4201-8080-1009ddcba483,19C101554,,Continuous,Pre,3/29/2022 9:10:00 PM,3/28/2022 11:40:00 PM,Turbidimeter,turb_other,,,,94.5,A1194,7/1/2023 7:00:00 PM,3/28/2022 7:00:00 PM,spc_other,,,,,,,,,,,,,1413,Oakton #CC21863,10/1/2022 7:00:00 PM,3/28/2022 7:00:00 PM,,,,,,,,,,,rhod_none,,,,fdom_none,,,,,0.01,0,,,0,0,,,-0.07,0,,,0.03,0,95.4,94.51,1427.6,1413,,,,,,,,,,,,,,,,,98.6,99.2,,1.05,,753.9,,7/5/2023 9:43:54 PM,cdfw_frpmt,7/5/2023 10:17:02 PM,cdfw_frpmt,,0,0
15,861bbdd9-a090-41b6-8a39-30d94f48ef4b,19C101553,,Continuous,Post,5/5/2022 2:34:00 PM,5/5/2022 10:45:00 PM,Turbidimeter,turb_other,,,,97.45,A1194,7/1/2023 7:00:00 PM,5/5/2022 7:00:00 PM,spc_other,,,,,,,,,,,,,1413,Oakton #CC21863,10/1/2022 7:00:00 PM,5/5/2022 7:00:00 PM,,,,,,,,,,,rhod_none,,,,fdom_none,,,,,0.05,0,,,-0.02,0,,,0.09,0,,,0,0,97.31,97.45,1412.6,1413,,,,,,,,,,,,,,,,,98.2,100.1,,1.04,,760.3,,7/5/2023 9:59:47 PM,cdfw_frpmt,7/5/2023 10:17:36 PM,cdfw_frpmt,,0,0
16,dd72ae8f-6240-4153-836b-f298ea5758f6,19C101554,,Continuous,Post,5/4/2022 4:45:00 PM,5/4/2022 11:04:00 PM,Turbidimeter,turb_other,,,,95.48,A1194,7/1/2023 7:00:00 PM,5/4/2022 7:00:00 PM,spc_other,,,,,,,,,,,,,1413,Oakton #CC21863,10/1/2022 7:00:00 PM,5/4/2022 7:00:00 PM,,,,,,,,,,,rhod_none,,,,fdom_none,,,,,0.07,0,,,-0.02,0,,,0.1,0,,,0.06,0,95.51,95.49,1415.7,1413,,,,,,,,,,,,,,,,,,99.8,,1.07,,758.5,,7/5/2023 10:06:46 PM,cdfw_frpmt,7/5/2023 10:06:46 PM,cdfw_frpmt,,0,0
17,48c54d6f-a961-4577-8c02-0bbbfd3176d0,19C101552,,Continuous,Pre,5/5/2022 3:02:00 PM,5/2/2022 9:39:00 PM,Turbidimeter,turb_other,,,,98.35,A1194,7/1/2023 7:00:00 PM,5/2/2022 7:00:00 PM,spc_other,,,,,,,,,,,,,1413,Oakton #CC21863,10/1/2022 7:00:00 PM,5/2/2022 7:00:00 PM,,,,,,,,,,,rhod_none,,,,fdom_none,,,,,-0.01,0,,,-0.01,0,,,0.05,0,,,-0.04,0,99.49,98.35,1416.6,1413,,,,,,,,,,,,,,,,,99.3,99.9,,1.02,,758.8,,7/5/2023 10:23:29 PM,cdfw_frpmt,7/5/2023 10:23:29 PM,cdfw_frpmt,,0,0
18,5bbe9d8d-e0b3-472b-8840-fe06b0c7f9d0,19C101551,,Continuous,Pre,5/4/2022 5:16:00 PM,5/2/2022 9:19:00 PM,Turbidimeter,turb_other,,,,98.35,A1194,7/1/2023 7:00:00 PM,5/2/2022 7:00:00 PM,spc_other,,,,,,,,,,,,,1413,Oakton #CC21863,10/1/2022 7:00:00 PM,5/2/2022 7:00:00 PM,,,,,,,,,,,rhod_none,,,,fdom_none,,,,,0.02,0,,,0,0,,,0.04,0,,,-0.04,0,99.33,98.35,1414.8,1413,,,,,,,,,,,,,,,,,99.5,99.8,,1.05,,758.8,,7/5/2023 10:27:34 PM,cdfw_frpmt,7/5/2023 10:27:34 PM,cdfw_frpmt,,0,0
19,88cc5de9-7118-45e2-8096-751219340e31,19C101552,,Continuous,Post,6/6/2022 3:44:00 PM,6/6/2022 9:25:00 PM,Turbidimeter,turb_other,,,,92.54,A1194,7/1/2023 7:00:00 PM,6/3/2022 7:00:00 PM,spc_other,,,,,,,,,,,,,1413,Oakton #CC21863,10/1/2022 7:00:00 PM,6/6/2022 7:00:00 PM,,,,,,,,,,,rhod_none,,,,fdom_none,,,,,0.03,0,,,-0.01,0,,,-0.03,0,,,0.05,0,93.2,92.54,1412,1413,,,,,,,,,,,,,,,,,98.1,99.7,,1.03,,757.7,,7/5/2023 10:32:31 PM,cdfw_frpmt,7/5/2023 10:32:31 PM,cdfw_frpmt,,0,0
20,a6db82af-2c24-405a-8c87-158c590a3273,19C101551,,Continuous,Post,6/6/2022 4:57:00 PM,6/6/2022 9:08:00 PM,Turbidimeter,turb_other,,,,92.54,A1194,7/1/2023 7:00:00 PM,6/3/2022 7:00:00 PM,spc_other,,,,,,,,,,,,,1413,Oakton #CC21863,10/1/2022 7:00:00 PM,6/6/2022 7:00:00 PM,,,,,,,,,,,rhod_none,,,,fdom_none,,,,,0.03,0,,,-0.02,0,,,-0.02,0,,,0.02,0,92.24,92.54,1415.2,1413,,,,,,,,,,,,,,,,,98.8,99.6,,1.06,,757.7,,7/5/2023 10:36:44 PM,cdfw_frpmt,7/5/2023 10:36:44 PM,cdfw_frpmt,,0,0
21,d3d79b71-f9b3-4419-828a-1951234c5ab0,19C101553,,Continuous,Pre,6/6/2022 3:46:00 PM,6/3/2022 9:08:00 PM,other,turb_124,21L21430190,11/1/2022 7:00:00 PM,6/6/2022 7:00:00 PM,,,,,spc_other,,,,,,,,,,,,,12890,VWR A8299,4/1/2020 7:00:00 PM,6/6/2022 7:00:00 PM,,,,,,,,,,,rhod_none,,,,fdom_none,,,,,0,0,,,0.01,0,,,-0.1,0,,,0.01,0,128.21,124,12896.2,12889.9,,,,,,,,,,,,,,,,,99.1,99.4,,1.05,,756.2,,7/5/2023 10:45:43 PM,cdfw_frpmt,7/5/2023 10:45:43 PM,cdfw_frpmt,First time calibrating Turbidity with YSI 124 standard,0,0
22,1ed774bb-c37e-49d2-8b0f-a2ad336796f6,19C101554,,Continuous,Pre,6/6/2022 5:18:00 PM,6/3/2022 8:44:00 PM,other,turb_124,21L21430190,11/1/2022 7:00:00 PM,6/3/2022 7:00:00 PM,,,,,spc_other,,,,,,,,,,,,,1413,Oakton #CC21863,10/1/2022 7:00:00 PM,6/3/2022 7:00:00 PM,,,,,,,,,,,rhod_none,,,,fdom_none,,,,,0,0,,,-0.01,0,,,-0.08,0,,,-0.06,0,128.44,124,1396.8,1413,,,,,,,,,,,,,,,,,100.4,99.6,,1.06,,756.2,,7/5/2023 10:50:43 PM,cdfw_frpmt,7/5/2023 10:50:43 PM,cdfw_frpmt,First time calibrating Turbidity with YSI 124 standard; Accidentally calibrated with 12890 SPC standard prior to using the 1413 solution,0,0
23,9f86b75e-7918-471e-8de5-d3f6319dbcaa,19C101553,,Continuous,Post,7/7/2022 4:05:00 PM,7/7/2022 11:18:00 PM,other,turb_124,21L21430190,11/1/2022 7:00:00 PM,6/6/2022 7:00:00 PM,,,,,spc_other,,,,,,,,,,,,,12890,VWR A9056,8/1/2020 7:00:00 PM,7/7/2022 7:00:00 PM,,,,,,,,,,,rhod_none,,,,fdom_none,,,,,0.03,0,,,-0.02,0,,,0.04,0,,,-0.01,0,124.09,124,12881.1,12890,,,,,,,,,,,,,,,,,100.2,99.8,,1.03,,758.9,,7/5/2023 11:13:18 PM,cdfw_frpmt,7/5/2023 11:13:18 PM,cdfw_frpmt,,0,0
24,84076ea2-51fe-4529-8b5a-6c1d45d1739e,19C101554,,Continuous,Post,7/7/2022 6:14:00 PM,7/7/2022 11:33:00 PM,other,turb_124,21L21430190,11/1/2022 7:00:00 PM,6/6/2022 7:00:00 PM,,,,,spc_other,,,,,,,,,,,,,1413,Oakton #CC221863,10/1/2022 7:00:00 PM,7/6/2022 7:00:00 PM,,,,,,,,,,,rhod_none,,,,fdom_none,,,,,-0.05,0,,,0,0,,,0.02,0,,,0.07,0,123.48,124,1431.5,1413,,,,,,,,,,,,,,,,,99.4,99.9,,1.06,,758.9,,7/5/2023 11:17:05 PM,cdfw_frpmt,7/5/2023 11:17:05 PM,cdfw_frpmt,,0,0
25,24e1b48b-d289-4e0a-8778-ac82b6a5c9a6,19C101552,,Continuous,Pre,7/7/2022 4:08:00 PM,7/6/2022 10:26:00 PM,other,turb_124,21L21430190,11/1/2022 7:00:00 PM,6/6/2022 7:00:00 PM,,,,,spc_other,,,,,,,,,,,,,12890,VWR A9056,8/1/2020 7:00:00 PM,7/6/2022 7:00:00 PM,,,,,,,,,,,rhod_none,,,,fdom_none,,,,,0.03,0,,,0,0,,,-0.06,0,,,-0.03,0,129.19,124,12938.7,12889.9,,,,,,,,,,,,,,,,,101.1,99.7,,1.02,,758.3,,7/5/2023 11:21:49 PM,cdfw_frpmt,7/5/2023 11:21:49 PM,cdfw_frpmt,First time calibrating Turbidity with YSI 124 standard,0,0
26,f2dbb482-a814-458a-87ef-1c9a543907d7,19C101551,,Continuous,Pre,7/7/2022 6:16:00 PM,7/6/2022 10:03:00 PM,other,turb_124,21L21430190,11/1/2022 7:00:00 PM,6/6/2022 7:00:00 PM,,,,,spc_other,,,,,,,,,,,,,1413,Oakton #CC221863,10/1/2022 7:00:00 PM,7/6/2022 7:00:00 PM,,,,,,,,,,,rhod_none,,,,fdom_none,,,,,0.01,0,,,0.01,0,,,0.01,0,,,0,0,128.29,124,1418.6,1413,,,,,,,,,,,,,,,,,100.4,99.8,,1.05,,758.3,,7/5/2023 11:26:05 PM,cdfw_frpmt,7/5/2023 11:26:05 PM,cdfw_frpmt,First time calibrating Turbidity with YSI 124 standard,0,0
27,0a05fc25-36bf-428a-8b7b-040f823cef1f,19C101552,,Continuous,Post,8/4/2022 4:17:00 PM,8/4/2022 10:08:00 PM,other,turb_124,21L21430190,11/1/2022 7:00:00 PM,6/6/2022 7:00:00 PM,,,,,spc_other,,,,,,,,,,,,,12890,VWR A9003,7/1/2020 7:00:00 PM,8/4/2022 7:00:00 PM,,,,,,,,,,,rhod_none,,,,fdom_none,,,,,-0.01,0,,,-0.02,0,,,-0.1,0,,,-0.02,0,124.13,124,12835.9,12889.9,5.27,,,,,,,,,,,,,,,,98.5,99.5,,1.03,,754.8,,7/5/2023 11:31:02 PM,cdfw_frpmt,7/5/2023 11:31:02 PM,cdfw_frpmt,PC may have been contaminated in pre-deployment calibration?,0,0
28,d4a849d8-7211-47b8-847d-a94577c0ce03,19C101551,,Continuous,Post,8/4/2022 5:33:00 PM,8/4/2022 10:34:00 PM,other,turb_124,21L21430190,11/1/2022 7:00:00 PM,6/6/2022 7:00:00 PM,,,,,spc_other,,,,,,,,,,,,,1413,Oakton #CC221863,10/1/2022 7:00:00 PM,8/4/2022 7:00:00 PM,,,,,,,,,,,rhod_none,,,,fdom_none,,,,,0.01,0,,,-0.02,0,,,-0.07,0,,,-0.02,0,123.93,124,1410.8,1413,5.23,,,,,,,,,,,,,,,,97.9,99.2,,1.06,,754.8,,7/5/2023 11:35:46 PM,cdfw_frpmt,7/5/2023 11:35:46 PM,cdfw_frpmt,PC may have been contaminated in the pre-deployment calibration,0,0
29,1fcc5acb-db54-4572-8bc0-d0be5e467a3d,19C101553,,Continuous,Pre,8/4/2022 4:22:00 PM,8/3/2022 7:04:00 PM,other,turb_124,21L21430190,11/1/2022 7:00:00 PM,6/6/2022 7:00:00 PM,,,,,spc_other,,,,,,,,,,,,,12890,VWR A8299,4/1/2020 7:00:00 PM,8/3/2022 7:00:00 PM,,,,,,,,,,,rhod_none,,,,fdom_none,,,,,0,0,,,0.03,0,,,-0.16,0,,,0,0,123.8,124,13010.6,12890,,,,,,,,,,,,,,,,,99.1,99.6,,1.04,,757.1,,7/5/2023 11:43:27 PM,cdfw_frpmt,7/5/2023 11:43:27 PM,cdfw_frpmt,,0,0
30,2d78289a-b614-4273-8169-59b432d7938b,19C101554,,Continuous,Pre,8/4/2022 6:01:00 PM,8/3/2022 6:43:00 PM,other,turb_124,21L21430190,11/1/2022 7:00:00 PM,6/6/2022 7:00:00 PM,,,,,spc_other,,,,,,,,,,,,,1413,Oakton #CC221863,10/1/2022 7:00:00 PM,8/3/2022 7:00:00 PM,,,,,,,,,,,rhod_none,,,,fdom_none,,,,,0,0,,,-0.03,0,,,-0.17,0,,,-0.13,0,124.49,124,1413.9,1413,,,,,,,,,,,,,,,,,99.5,99.7,,1.06,,757.1,,7/5/2023 11:47:14 PM,cdfw_frpmt,7/5/2023 11:47:14 PM,cdfw_frpmt,,0,0
31,3476426e-07a7-47fb-897b-8d75a305c25b,19C101552,,Continuous,Pre,9/22/2022 8:03:00 PM,9/20/2022 9:10:00 PM,other,turb_124,21L21430190,11/1/2022 7:00:00 PM,8/1/2022 7:00:00 PM,,,,,spc_other,,,,,,,,,,,,,12890,VWR A9056,8/1/2020 7:00:00 PM,9/20/2022 7:00:00 PM,,,,,,,,,,,rhod_none,,,,fdom_none,,,,1.1,0.01,0,,,0.01,0,,,0.07,0,,,0,0,123.84,124,12957.1,12890,5.24,,,,,,,,,,,,,,,,99.6,99.6,8.8,1.03,21.518,757.4,,7/5/2023 11:53:32 PM,cdfw_frpmt,7/6/2023 6:21:36 PM,cdfw_frpmt,,0,0
32,d43dee91-9e3e-41a5-8a3f-88e0e5ab2a83,19C101551,,Continuous,Pre,9/22/2022 10:03:00 PM,9/20/2022 8:44:00 PM,other,turb_124,21L21430190,11/1/2022 7:00:00 PM,8/1/2022 7:00:00 PM,,,,,spc_other,,,,,,,,,,,,,1413,Oakton #CC21863,10/1/2022 7:00:00 PM,9/20/2022 7:00:00 PM,,,,,,,,,,,rhod_none,,,,fdom_none,,,,2.1,0,0,,,0,0,,,0.01,0,,,-0.05,0,124.13,124,1412.9,1413,5.23,,,,,,,,,,,,,,,,100.5,99.7,8.8,1.05,21.453,757.4,,7/5/2023 11:57:49 PM,cdfw_frpmt,7/6/2023 6:23:14 PM,cdfw_frpmt,,0,0
33,0dbb6c88-de7b-4bdf-869e-4aaab6005ddd,19C101553,,Continuous,Post,9/22/2022 7:24:00 PM,9/23/2022 7:59:00 PM,other,turb_124,21L21430190,11/1/2022 7:00:00 PM,8/11/2022 7:00:00 PM,,,,,spc_other,,,,,,,,,,,,,12890,VWR A9003,7/1/2020 7:00:00 PM,9/23/2022 7:00:00 PM,,,,,,,,,,,rhod_none,,,,fdom_none,,,,0.3,-0.04,0,,,-0.01,0,,,0.09,0,,,-0.01,0,124.01,124,12711.5,12890,5.26,,,,,,,,,,,,,,,,100,99.5,,1.03,22.334,757.6,,7/6/2023 6:06:34 PM,cdfw_frpmt,7/6/2023 6:06:34 PM,cdfw_frpmt,DO calibration performed in water saturated air; firmware was updated,0,0
34,7e2a9ce2-3830-445e-8456-dfe4aaccde4d,19C101554,,Continuous,Post,9/22/2022 9:14:00 PM,9/23/2022 7:36:00 PM,other,turb_124,21L21430190,11/1/2022 7:00:00 PM,8/11/2022 7:00:00 PM,,,,,spc_other,,,,,,,,,,,,,1413,Oakton #CC21863,10/1/2022 7:00:00 PM,9/23/2022 7:00:00 PM,,,,,,,,,,,rhod_none,,,,fdom_none,,,,0.1,0.02,0,,,0,0,,,0.09,0,,,0.02,0,123.67,124,1415,1413,5.24,,,,,,,,,,,,,,,,99.1,99.6,,1.07,21.122,757.6,,7/6/2023 6:11:31 PM,cdfw_frpmt,7/6/2023 6:11:31 PM,cdfw_frpmt,DO calibrated in water saturated air; firmware was updated,0,0
35,f028b9df-90bb-4935-8195-7aa23f24f53c,19C101552,,Continuous,Post,10/24/2022 9:26:00 PM,10/25/2022 11:47:00 PM,other,turb_124,21L21430190,11/1/2022 7:00:00 PM,10/24/2022 7:00:00 PM,,,,,spc_other,,,,,,,,,,,,,12890,VWR A8080,11/1/2019 7:00:00 PM,10/24/2022 7:00:00 PM,,,,,,,,,,,rhod_none,,,,fdom_none,,,,,-0.05,0,,,-0.07,0,,,-0.33,0,,,-0.01,0,123.74,124,12876.3,12890,5.25,,,,,,,,,,,,,,,,100.9,100.3,9.18,1.02,19.581,761,,7/6/2023 6:19:49 PM,cdfw_frpmt,7/6/2023 6:19:49 PM,cdfw_frpmt,First time calibrating this sonde with DI from new DI system,0,0
36,d6ae3afc-8293-4602-85bd-2e63c3f8ba49,19C101551,,Continuous,Post,10/24/2022 7:45:00 PM,10/25/2022 11:59:00 PM,other,turb_124,21L21430190,11/1/2022 7:00:00 PM,10/24/2022 7:00:00 PM,,,,,spc_other,,,,,,,,,,,,,1413,Oakton #CC21863,10/1/2022 7:00:00 PM,10/24/2022 7:00:00 PM,,,,,,,,,,,rhod_none,,,,fdom_none,,,,,-0.04,0,,,-0.02,0,,,-0.05,0,,,-0.04,0,123.4,124,1410.1,1413,5.25,,,,,,,,,,,,,,,,100.4,100.1,9.18,1.05,19.583,761,,7/6/2023 6:26:46 PM,cdfw_frpmt,7/6/2023 6:26:46 PM,cdfw_frpmt,First time calibrating sonde with DI from new DI system,0,0
37,978cac0e-4fdb-45ce-88c8-99617972d4bc,19C101553,,Continuous,Pre,10/24/2022 10:05:00 PM,10/24/2022 3:40:00 PM,other,turb_124,21L21430190,11/1/2022 7:00:00 PM,10/24/2022 7:00:00 PM,,,,,spc_other,,,,,,,,,,,,,12890,VWR A8080,9/1/2019 7:00:00 PM,10/24/2022 7:00:00 PM,,,,,,,,,,,rhod_none,,,,fdom_none,,,,0,0.02,0,,,-0.02,0,,,-0.22,0,,,-0.06,0,123.87,124,12923.2,12890,5.25,,,,,,,,,,,,,,,,100,100.8,9.02,1.04,20.762,765.9,,7/6/2023 6:33:20 PM,cdfw_frpmt,7/6/2023 6:33:20 PM,cdfw_frpmt,First time calibrating sonde with DI from new DI system,0,0
38,37f9da7a-efc3-4872-8ebb-7d8d709ff703,19C101554,,Continuous,Pre,10/24/2022 8:18:00 PM,10/24/2022 4:26:00 PM,other,turb_124,21L21430190,11/1/2022 7:00:00 PM,10/24/2022 7:00:00 PM,,,,,spc_other,,,,,,,,,,,,,1413,Oakton #CC21863,10/1/2022 7:00:00 PM,10/24/2022 7:00:00 PM,,,,,,,,,,,rhod_none,,,,fdom_none,,,,-0.1,-0.07,0,,,-0.01,0,,,-0.16,0,,,-0.07,0,123.63,124,1408.1,1413,5.26,,,,,,,,,,,,,,,,100,100.7,9.02,1.07,20.762,765.9,,7/6/2023 6:39:01 PM,cdfw_frpmt,7/6/2023 6:39:01 PM,cdfw_frpmt,First time calibrating sonde with DI from new DI system,0,0
39,776bbe06-5159-4325-8031-d98c5ba44dd5,19C101553,,Continuous,Post,12/15/2022 7:01:00 PM,12/16/2022 9:20:00 PM,other,turb_124,21L21430190,11/1/2022 7:00:00 PM,10/24/2022 7:00:00 PM,,,,,spc_other,,,,,,,,,,,,,1413,Oakton #CC21863,10/1/2022 7:00:00 PM,12/16/2022 7:00:00 PM,,,,,,,,,,,rhod_none,,,,fdom_none,,,,1.6,-0.01,0,,,0,0,,,0.45,0,,,0.09,0,123.9,124,1419.7,1413,5.22,,,,,,,,,,,,,,,,98.8,100.2,10.56,1.05,13.094,762.5,,7/6/2023 6:47:02 PM,cdfw_frpmt,7/6/2023 8:16:36 PM,cdfw_frpmt,Conductivity cell wasn't totally dry for measurement in Air; Accidentally used 1413 standard for SPC instead of 12890 standard; Phycocyanin channel is acting weird,0,0
40,29dd8b04-39e8-4292-8bac-04b7884091f4,19C101554,,Continuous,Post,12/12/2022 5:32:00 PM,12/13/2022 10:37:00 PM,other,turb_124,21L21430190,11/1/2022 7:00:00 PM,10/24/2022 7:00:00 PM,,,,,spc_other,,,,,,,,,,,,,1413,Oakton #CC21863,10/1/2022 7:00:00 PM,10/24/2022 7:00:00 PM,,,,,,,,,,,rhod_none,,,,fdom_none,,,,0.1,-0.01,0,,,0,0,,,-0.01,0,,,0,0,124.33,124,1410.5,1413,5.27,,,,,,,,,,,,,,,,101.6,100.5,9.08,1.06,20.275,763.8,,7/6/2023 7:45:32 PM,cdfw_frpmt,7/6/2023 7:45:32 PM,cdfw_frpmt,,0,0
41,2cfbf1d4-3807-4390-81bb-290a08116743,19C101552,,Continuous,Pre,12/15/2022 7:31:00 PM,12/13/2022 11:40:00 PM,other,turb_124,21L21430190,11/1/2022 7:00:00 PM,10/24/2022 7:00:00 PM,,,,,spc_other,,,,,,,,,,,,,12890,VWR A8249,3/1/2020 7:00:00 PM,12/13/2022 7:00:00 PM,,,,,,,,,,,rhod_none,,,,fdom_none,,,,1.6,-0.01,0,,,0.07,0,,,0.05,0,,,-0.06,0,123.7,124,13011.1,12890,5.2,,,,,,,,,,,,,,,,101.4,100.3,9.08,1.01,20.303,763.8,,7/6/2023 7:51:23 PM,cdfw_frpmt,7/6/2023 7:51:23 PM,cdfw_frpmt,Conductivity cell wasn't totally dry when measuring in Air; Phycocyanin was registering 0.4 RFU in the bucket on day of Deployment,0,0
42,46e06e8c-6f7e-41e1-83fa-697457d9a156,19C101551,,Continuous,Pre,12/12/2022 5:58:00 PM,12/12/2022 3:46:00 AM,other,turb_124,21L21430190,11/1/2022 7:00:00 PM,10/24/2022 7:00:00 PM,,,,,spc_other,,,,,,,,,,,,,1413,Oakton #CC21863,10/1/2022 7:00:00 PM,12/11/2022 7:00:00 PM,,,,,,,,,,,rhod_none,,,,fdom_none,,,,0.8,0.02,0,,,0.02,0,,,0.2,0,,,0.07,0,124.11,124,1405.8,1413,5.27,,,,,,,,,,,,,,,,97.3,99.3,9.75,1.07,16.185,753.5,,7/6/2023 7:55:51 PM,cdfw_frpmt,7/6/2023 7:55:51 PM,cdfw_frpmt,,0,0
43,305b741c-8226-40f1-88b7-ab357ef085a8,19C101551,,Continuous,Post,2/6/2023 6:22:00 PM,2/7/2023 9:13:00 PM,"NIST_Thermometer_221949308_(Due,Barometer_210822350",turb_124,21L21430190,11/1/2022 7:00:00 PM,12/16/2022 7:00:00 PM,,,,,spc_other,,,,,,,,,,,,,1413,Oakton #CC21863,10/1/2022 7:00:00 PM,2/7/2023 7:00:00 PM,,,,,,,,,,,rhod_none,,,,fdom_none,,,,0.7,0,0,,,-0.01,0,,,-0.28,0,,,0.22,0,124.04,124,1423.4,1413,5.23,,,,,,,,,,,,,,27.977,27.834,103.4,100,9.02,1.03,20.371,760,769,7/6/2023 8:04:16 PM,cdfw_frpmt,7/6/2023 8:04:16 PM,cdfw_frpmt,DO values for botched calibration using 760 as the pressure; The calibration was then done at 768.2 and had 100 pre-cal 100.8 post cal 9.11mgL and 1.04gain,0,0
44,d046d84d-6d8e-47b0-8ab1-e04e1f0019d0,19C101552,,Continuous,Post,2/6/2023 8:57:00 PM,2/7/2023 11:20:00 PM,"NIST_Thermometer_221949308_(Due,Barometer_210822350",turb_124,21L21430190,11/1/2022 7:00:00 PM,12/16/2022 7:00:00 PM,,,,,spc_other,,,,,,,,,,,,,1413,Oakton #CC21863,10/1/2022 7:00:00 PM,2/7/2023 7:00:00 PM,,,,,,,,,,,rhod_none,,,,fdom_none,,,,-0.1,0.01,0,,,-0.01,0,,,0.04,0,,,0.05,0,124.38,124,1399.4,1413,5.25,,,,,,,,,,,,,,27.57,27.551,98.5,101.1,9.14,1.03,20.199,768.2,769,7/6/2023 8:09:24 PM,cdfw_frpmt,7/6/2023 8:09:24 PM,cdfw_frpmt,,0,0
